User_ID,Username,Platform
U0001,user_4159,X
U0002,user_1091,Reddit
U0003,user_4792,Instagram
U0004,user_8899,X
U0005,user_3319,Instagram
U0006,user_7912,Instagram
U0007,user_1383,Instagram
U0008,user_3284,Reddit
U0009,user_6157,Reddit
U0010,user_9697,Reddit
U0011,user_6568,Reddit
U0012,user_7411,Instagram
U0013,user_7951,X
U0014,user_2071,X
U0015,user_9634,X
U0016,user_5144,Instagram
U0017,user_3778,Reddit
U0018,user_8784,Reddit
U0019,user_5414,Instagram
U0020,user_7008,Instagram
U0021,user_4329,X
U0022,user_6271,Instagram
U0023,user_2374,Instagram
U0024,user_4752,X
U0025,user_5066,Instagram
U0026,user_3232,X
U0027,user_9209,Reddit
U0028,user_6521,Reddit
U0029,user_8833,X
U0030,user_2384,X
U0031,user_4811,X
U0032,user_8288,X
U0033,user_2466,Reddit
U0034,user_2885,X
U0035,user_9309,X
U0036,user_2084,Reddit
U0037,user_5122,Reddit
U0038,user_1648,Reddit
U0039,user_4057,Instagram
U0040,user_8333,X
U0041,user_4273,Instagram
U0042,user_5209,X
U0043,user_9244,Reddit
U0044,user_4587,Instagram
U0045,user_6406,Instagram
U0046,user_5690,Reddit
U0047,user_7464,Reddit
U0048,user_6285,X
U0049,user_8479,Reddit
U0050,user_8925,Instagram
U0051,user_9879,Instagram
U0052,user_4093,Reddit
U0053,user_2599,X
U0054,user_2683,Reddit
U0055,user_8088,X
U0056,user_8820,X
U0057,user_3173,X
U0058,user_5324,Reddit
U0059,user_1174,X
U0060,user_6214,X
U0061,user_7313,X
U0062,user_2423,Instagram
U0063,user_9338,Reddit
U0064,user_8758,X
U0065,user_9616,X
U0066,user_9444,Reddit
U0067,user_1743,X
U0068,user_5027,Reddit
U0069,user_4829,Reddit
U0070,user_1181,Instagram
U0071,user_9420,X
U0072,user_1243,Reddit
U0073,user_7260,X
U0074,user_3720,Instagram
U0075,user_6376,Instagram
U0076,user_5425,Reddit
U0077,user_2981,Reddit
U0078,user_4894,X
U0079,user_7369,Instagram
U0080,user_6119,Reddit
U0081,user_3024,X
U0082,user_3316,Reddit
U0083,user_7262,Reddit
U0084,user_2887,Instagram
U0085,user_6360,Reddit
U0086,user_9766,Reddit
U0087,user_6178,Reddit
U0088,user_3525,X
U0089,user_7022,X
U0090,user_9517,X
U0091,user_6839,Instagram
U0092,user_6143,Reddit
U0093,user_6524,Reddit
U0094,user_1629,X
U0095,user_1212,X
U0096,user_6354,Reddit
U0097,user_5301,X
U0098,user_9868,X
U0099,user_5290,Instagram
U0100,user_8556,X
U0101,user_6930,X
U0102,user_3731,Reddit
U0103,user_8767,Instagram
U0104,user_1859,X
U0105,user_5143,Instagram
U0106,user_7506,Reddit
U0107,user_1888,Reddit
U0108,user_2820,Reddit
U0109,user_3678,Reddit
U0110,user_6089,Reddit
U0111,user_9262,Reddit
U0112,user_9167,X
U0113,user_6881,X
U0114,user_2024,Reddit
U0115,user_8050,X
U0116,user_8643,Reddit
U0117,user_5864,Reddit
U0118,user_1596,Instagram
U0119,user_2512,X
U0120,user_8260,Reddit
U0121,user_2353,Reddit
U0122,user_4049,X
U0123,user_7891,X
U0124,user_2366,X
U0125,user_4863,X
U0126,user_7157,X
U0127,user_5499,Reddit
U0128,user_8890,Reddit
U0129,user_2610,X
U0130,user_6149,X
U0131,user_4254,X
U0132,user_6036,Reddit
U0133,user_2189,X
U0134,user_7180,Reddit
U0135,user_2840,X
U0136,user_8280,X
U0137,user_8999,Instagram
U0138,user_4062,X
U0139,user_7449,X
U0140,user_5917,X
U0141,user_8666,Instagram
U0142,user_9333,Reddit
U0143,user_8866,Reddit
U0144,user_3337,Instagram
U0145,user_6305,X
U0146,user_1838,Instagram
U0147,user_3737,X
U0148,user_4265,Reddit
U0149,user_5432,Reddit
U0150,user_8490,X
U0151,user_1169,Instagram
U0152,user_5437,X
U0153,user_8355,Instagram
U0154,user_3075,X
U0155,user_8222,Reddit
U0156,user_1692,Instagram
U0157,user_5574,X
U0158,user_9876,Instagram
U0159,user_4397,Reddit
U0160,user_6760,Reddit
U0161,user_2553,X
U0162,user_4796,Reddit
U0163,user_1680,Reddit
U0164,user_2041,Reddit
U0165,user_3924,X
U0166,user_9831,X
U0167,user_9436,Instagram
U0168,user_1526,X
U0169,user_1618,Reddit
U0170,user_7187,Instagram
U0171,user_9541,X
U0172,user_5553,X
U0173,user_5757,Reddit
U0174,user_6414,X
U0175,user_4967,Reddit
U0176,user_7701,Reddit
U0177,user_2106,Reddit
U0178,user_1533,X
U0179,user_1642,Reddit
U0180,user_3003,Reddit
U0181,user_5899,X
U0182,user_3362,Reddit
U0183,user_6386,Instagram
U0184,user_4906,Reddit
U0185,user_2325,X
U0186,user_3585,X
U0187,user_6818,X
U0188,user_1119,X
U0189,user_7930,Instagram
U0190,user_3399,X
U0191,user_8750,Instagram
U0192,user_7432,X
U0193,user_9139,X
U0194,user_6453,Reddit
U0195,user_4686,X
U0196,user_2422,Instagram
U0197,user_1652,Instagram
U0198,user_8140,Instagram
U0199,user_6802,X
U0200,user_2336,Instagram
U0201,user_8158,Instagram
U0202,user_1536,Reddit
U0203,user_5613,X
U0204,user_3922,X
U0205,user_7451,X
U0206,user_1521,X
U0207,user_1747,Instagram
U0208,user_2259,Instagram
U0209,user_7668,Instagram
U0210,user_7410,X
U0211,user_7492,Reddit
U0212,user_6179,X
U0213,user_2577,Reddit
U0214,user_3046,X
U0215,user_2237,X
U0216,user_2129,Reddit
U0217,user_7737,X
U0218,user_5110,Reddit
U0219,user_4744,Reddit
U0220,user_2323,X
U0221,user_6828,Instagram
U0222,user_8483,Reddit
U0223,user_1081,Instagram
U0224,user_9385,Reddit
U0225,user_2652,Reddit
U0226,user_9200,Reddit
U0227,user_7712,Instagram
U0228,user_9011,Reddit
U0229,user_2789,X
U0230,user_6075,X
U0231,user_1722,Reddit
U0232,user_5029,X
U0233,user_2575,X
U0234,user_1639,X
U0235,user_7803,X
U0236,user_4118,Reddit
U0237,user_4727,Instagram
U0238,user_5770,Instagram
U0239,user_6459,X
U0240,user_6196,Reddit
U0241,user_3747,Reddit
U0242,user_4353,Reddit
U0243,user_9901,Reddit
U0244,user_1843,X
U0245,user_4640,Instagram
U0246,user_3310,X
U0247,user_3195,Instagram
U0248,user_2420,Reddit
U0249,user_1889,X
U0250,user_9184,Reddit
U0251,user_8832,X
U0252,user_7660,Instagram
U0253,user_9347,Reddit
U0254,user_8406,X
U0255,user_2155,X
U0256,user_8309,Instagram
U0257,user_8271,X
U0258,user_1019,Instagram
U0259,user_8909,Instagram
U0260,user_7740,Reddit
U0261,user_9944,X
U0262,user_5338,Reddit
U0263,user_7678,Instagram
U0264,user_7970,X
U0265,user_6997,X
U0266,user_9637,X
U0267,user_2284,X
U0268,user_4219,Reddit
U0269,user_1862,Reddit
U0270,user_6442,Reddit
U0271,user_1221,X
U0272,user_3741,X
U0273,user_7656,X
U0274,user_9043,Instagram
U0275,user_3000,Reddit
U0276,user_3285,X
U0277,user_1239,Instagram
U0278,user_4160,X
U0279,user_7326,X
U0280,user_8990,X
U0281,user_4785,Instagram
U0282,user_1907,Reddit
U0283,user_3888,Reddit
U0284,user_5445,X
U0285,user_6451,X
U0286,user_6230,Reddit
U0287,user_8203,X
U0288,user_6210,Instagram
U0289,user_4630,Instagram
U0290,user_2080,Reddit
U0291,user_9425,Reddit
U0292,user_1355,Instagram
U0293,user_3959,Reddit
U0294,user_4749,Reddit
U0295,user_9009,Instagram
U0296,user_5084,X
U0297,user_4718,Instagram
U0298,user_9483,X
U0299,user_4283,Reddit
U0300,user_7800,Instagram
U0301,user_1292,Reddit
U0302,user_6387,Reddit
U0303,user_7554,Reddit
U0304,user_2890,X
U0305,user_7833,X
U0306,user_9112,X
U0307,user_1481,Reddit
U0308,user_2741,Reddit
U0309,user_2298,X
U0310,user_9525,Instagram
U0311,user_3622,X
U0312,user_9512,Reddit
U0313,user_4419,Reddit
U0314,user_9800,X
U0315,user_6058,Reddit
U0316,user_3546,Reddit
U0317,user_5575,X
U0318,user_2795,Instagram
U0319,user_6658,Reddit
U0320,user_7777,Instagram
U0321,user_4805,Instagram
U0322,user_8692,X
U0323,user_4496,Reddit
U0324,user_4367,Reddit
U0325,user_6006,X
U0326,user_4546,X
U0327,user_7204,X
U0328,user_9116,Reddit
U0329,user_3988,Instagram
U0330,user_5389,Instagram
U0331,user_4015,X
U0332,user_6316,X
U0333,user_6492,Reddit
U0334,user_5060,Reddit
U0335,user_1641,Instagram
U0336,user_9337,Instagram
U0337,user_7298,Instagram
U0338,user_7491,Instagram
U0339,user_8190,Instagram
U0340,user_1237,Reddit
U0341,user_8916,X
U0342,user_1774,X
U0343,user_7783,X
U0344,user_9589,X
U0345,user_5560,X
U0346,user_7437,Instagram
U0347,user_8863,X
U0348,user_6096,Instagram
U0349,user_5418,Instagram
U0350,user_8082,Reddit
U0351,user_1745,X
U0352,user_1572,Reddit
U0353,user_7412,X
U0354,user_7380,Instagram
U0355,user_8312,X
U0356,user_1756,X
U0357,user_2403,Reddit
U0358,user_1249,Reddit
U0359,user_3548,Reddit
U0360,user_5519,Reddit
U0361,user_4249,X
U0362,user_2074,Reddit
U0363,user_5979,X
U0364,user_3925,X
U0365,user_3584,X
U0366,user_7967,X
U0367,user_3866,X
U0368,user_5952,Reddit
U0369,user_1602,X
U0370,user_7599,X
U0371,user_5883,Reddit
U0372,user_8051,X
U0373,user_3714,Reddit
U0374,user_5321,Instagram
U0375,user_4855,Reddit
U0376,user_9869,Instagram
U0377,user_1914,X
U0378,user_2818,X
U0379,user_9728,Reddit
U0380,user_1764,Instagram
U0381,user_3504,Instagram
U0382,user_8080,Instagram
U0383,user_7861,X
U0384,user_8813,X
U0385,user_1866,X
U0386,user_2937,Instagram
U0387,user_5200,X
U0388,user_7572,Instagram
U0389,user_6141,Reddit
U0390,user_5698,Reddit
U0391,user_8270,Reddit
U0392,user_2782,Instagram
U0393,user_8612,X
U0394,user_6927,X
U0395,user_3150,Reddit
U0396,user_4939,X
U0397,user_3466,X
U0398,user_3780,X
U0399,user_7154,X
U0400,user_8737,X
U0401,user_1880,Instagram
U0402,user_2515,X
U0403,user_9218,Instagram
U0404,user_7503,Instagram
U0405,user_4957,X
U0406,user_3138,Reddit
U0407,user_3293,Reddit
U0408,user_2625,Reddit
U0409,user_9073,X
U0410,user_4037,X
U0411,user_9429,X
U0412,user_8151,Reddit
U0413,user_4225,Instagram
U0414,user_7682,Reddit
U0415,user_5292,Reddit
U0416,user_5307,Instagram
U0417,user_7923,Reddit
U0418,user_7426,X
U0419,user_2968,Instagram
U0420,user_4652,X
U0421,user_9413,X
U0422,user_2894,Reddit
U0423,user_7416,Instagram
U0424,user_8586,X
U0425,user_6405,Reddit
U0426,user_1484,X
U0427,user_8659,X
U0428,user_9108,X
U0429,user_6791,Reddit
U0430,user_8099,Instagram
U0431,user_1405,X
U0432,user_7511,X
U0433,user_8239,X
U0434,user_6121,X
U0435,user_5716,Reddit
U0436,user_8289,Reddit
U0437,user_6955,Reddit
U0438,user_1253,X
U0439,user_2658,Reddit
U0440,user_6318,X
U0441,user_6448,X
U0442,user_3349,Instagram
U0443,user_2250,Instagram
U0444,user_6752,Instagram
U0445,user_3788,Instagram
U0446,user_7071,Reddit
U0447,user_6944,Instagram
U0448,user_2932,Reddit
U0449,user_7904,X
U0450,user_2393,X
U0451,user_4597,X
U0452,user_6286,X
U0453,user_8977,X
U0454,user_9464,Reddit
U0455,user_7242,Instagram
U0456,user_6970,Reddit
U0457,user_5502,X
U0458,user_5356,Reddit
U0459,user_6011,X
U0460,user_9418,X
U0461,user_6857,X
U0462,user_8369,X
U0463,user_5969,X
U0464,user_7594,Instagram
U0465,user_8651,Instagram
U0466,user_4936,Reddit
U0467,user_6804,X
U0468,user_5422,Instagram
U0469,user_5597,Reddit
U0470,user_3381,X
U0471,user_8529,Reddit
U0472,user_8351,Reddit
U0473,user_9290,Reddit
U0474,user_3561,X
U0475,user_9986,Reddit
U0476,user_7333,X
U0477,user_4068,X
U0478,user_8873,X
U0479,user_6027,Instagram
U0480,user_5968,X
U0481,user_7812,X
U0482,user_2408,X
U0483,user_5186,Instagram
U0484,user_1223,Reddit
U0485,user_4836,Instagram
U0486,user_7058,X
U0487,user_9888,X
U0488,user_3021,Reddit
U0489,user_8880,X
U0490,user_1351,Instagram
U0491,user_1120,Instagram
U0492,user_4089,Reddit
U0493,user_3602,Instagram
U0494,user_6238,Reddit
U0495,user_5963,Reddit
U0496,user_9886,X
U0497,user_2506,Instagram
U0498,user_4882,X
U0499,user_6435,X
U0500,user_4865,Reddit
U0501,user_4696,X
U0502,user_1340,X
U0503,user_5298,Reddit
U0504,user_9342,X
U0505,user_8868,Reddit
U0506,user_8184,X
U0507,user_1706,X
U0508,user_2127,X
U0509,user_5750,Instagram
U0510,user_3676,Instagram
U0511,user_2562,X
U0512,user_2664,Instagram
U0513,user_2644,Reddit
U0514,user_1826,Reddit
U0515,user_6493,Reddit
U0516,user_4721,Reddit
U0517,user_7026,Instagram
U0518,user_6455,Reddit
U0519,user_9310,X
U0520,user_2547,Reddit
U0521,user_7169,X
U0522,user_2787,X
U0523,user_1813,X
U0524,user_6722,Reddit
U0525,user_1387,Reddit
U0526,user_6582,Reddit
U0527,user_7105,X
U0528,user_9783,X
U0529,user_4861,Reddit
U0530,user_5513,Reddit
U0531,user_9527,Reddit
U0532,user_8743,Reddit
U0533,user_5173,Instagram
U0534,user_4802,Instagram
U0535,user_8103,Reddit
U0536,user_6086,Reddit
U0537,user_5331,X
U0538,user_8340,Instagram
U0539,user_8086,X
U0540,user_4728,X
U0541,user_4560,Instagram
U0542,user_7017,Reddit
U0543,user_1007,X
U0544,user_8038,X
U0545,user_5498,X
U0546,user_5931,X
U0547,user_4487,Instagram
U0548,user_2040,Instagram
U0549,user_1012,Reddit
U0550,user_6985,Reddit
U0551,user_8682,X
U0552,user_5450,Reddit
U0553,user_8814,X
U0554,user_5191,X
U0555,user_4391,X
U0556,user_2266,X
U0557,user_4689,Reddit
U0558,user_8386,Reddit
U0559,user_8724,Instagram
U0560,user_9983,Instagram
U0561,user_1324,Reddit
U0562,user_1473,Instagram
U0563,user_1549,Reddit
U0564,user_1555,X
U0565,user_1042,Instagram
U0566,user_1488,X
U0567,user_8173,X
U0568,user_5161,X
U0569,user_8027,X
U0570,user_8060,X
U0571,user_7221,Reddit
U0572,user_2094,X
U0573,user_7199,Reddit
U0574,user_2540,Instagram
U0575,user_6710,X
U0576,user_1296,X
U0577,user_6359,Reddit
U0578,user_6884,Instagram
U0579,user_6344,Reddit
U0580,user_5070,Instagram
U0581,user_3549,X
U0582,user_8193,X
U0583,user_3899,X
U0584,user_7405,X
U0585,user_4185,X
U0586,user_5650,Reddit
U0587,user_9362,X
U0588,user_4574,Reddit
U0589,user_8796,Reddit
U0590,user_1543,Reddit
U0591,user_5747,Reddit
U0592,user_5608,X
U0593,user_9670,X
U0594,user_3379,Reddit
U0595,user_6234,Reddit
U0596,user_6281,X
U0597,user_1913,X
U0598,user_9953,Reddit
U0599,user_5383,Reddit
U0600,user_4926,X
U0601,user_9049,Reddit
U0602,user_1609,Instagram
U0603,user_6963,X
U0604,user_1175,Instagram
U0605,user_9573,X
U0606,user_8292,Reddit
U0607,user_5777,Reddit
U0608,user_4531,X
U0609,user_9205,Instagram
U0610,user_3204,Reddit
U0611,user_7898,Instagram
U0612,user_4722,X
U0613,user_8403,Instagram
U0614,user_7732,Instagram
U0615,user_9922,Reddit
U0616,user_6437,X
U0617,user_3719,Reddit
U0618,user_8984,Reddit
U0619,user_6651,Instagram
U0620,user_7332,Reddit
U0621,user_3307,X
U0622,user_5775,X
U0623,user_8684,Reddit
U0624,user_4303,Instagram
U0625,user_6272,X
U0626,user_2858,Reddit
U0627,user_2582,Instagram
U0628,user_7938,X
U0629,user_4790,X
U0630,user_2849,Reddit
U0631,user_2635,Reddit
U0632,user_2123,X
U0633,user_5121,Instagram
U0634,user_3795,Reddit
U0635,user_1698,Instagram
U0636,user_5332,Instagram
U0637,user_9686,Instagram
U0638,user_9808,Reddit
U0639,user_6368,X
U0640,user_6201,Reddit
U0641,user_9914,X
U0642,user_7815,Reddit
U0643,user_2563,X
U0644,user_5732,Reddit
U0645,user_4459,X
U0646,user_2306,X
U0647,user_9380,X
U0648,user_6300,Reddit
U0649,user_7226,Instagram
U0650,user_8125,X
U0651,user_1630,Instagram
U0652,user_3843,Instagram
U0653,user_8947,X
U0654,user_2829,Reddit
U0655,user_2699,Reddit
U0656,user_6545,X
U0657,user_3356,Reddit
U0658,user_8478,X
U0659,user_7585,Instagram
U0660,user_7924,Instagram
U0661,user_7395,Instagram
U0662,user_2342,Reddit
U0663,user_2544,Instagram
U0664,user_1048,X
U0665,user_9786,X
U0666,user_3244,Reddit
U0667,user_7272,X
U0668,user_4103,X
U0669,user_7305,X
U0670,user_4602,Reddit
U0671,user_4960,X
U0672,user_1665,X
U0673,user_5177,X
U0674,user_7077,X
U0675,user_7422,Instagram
U0676,user_9020,X
U0677,user_9906,Instagram
U0678,user_6645,X
U0679,user_8181,Instagram
U0680,user_2823,Reddit
U0681,user_6289,X
U0682,user_5601,X
U0683,user_5442,Instagram
U0684,user_9240,Instagram
U0685,user_5288,Instagram
U0686,user_1599,Instagram
U0687,user_5711,X
U0688,user_3054,Instagram
U0689,user_1307,Reddit
U0690,user_3382,Instagram
U0691,user_1005,X
U0692,user_6485,X
U0693,user_5181,Instagram
U0694,user_9562,Instagram
U0695,user_1563,Reddit
U0696,user_5342,X
U0697,user_9234,X
U0698,user_6074,Instagram
U0699,user_4243,Reddit
U0700,user_6758,Reddit
U0701,user_3444,Reddit
U0702,user_8662,Reddit
U0703,user_6983,Reddit
U0704,user_3576,Reddit
U0705,user_1682,Instagram
U0706,user_6635,Instagram
U0707,user_9077,Instagram
U0708,user_9326,Reddit
U0709,user_6976,Reddit
U0710,user_9449,Reddit
U0711,user_8339,Instagram
U0712,user_4443,Reddit
U0713,user_8619,Reddit
U0714,user_2006,Reddit
U0715,user_9004,Reddit
U0716,user_9318,Reddit
U0717,user_6072,X
U0718,user_9287,Reddit
U0719,user_2198,Reddit
U0720,user_1875,X
U0721,user_4086,Instagram
U0722,user_1732,Reddit
U0723,user_3147,X
U0724,user_2666,Instagram
U0725,user_5109,Reddit
U0726,user_6820,Instagram
U0727,user_3723,Instagram
U0728,user_7638,Reddit
U0729,user_3161,Reddit
U0730,user_4001,X
U0731,user_8195,Reddit
U0732,user_4558,Reddit
U0733,user_3194,Reddit
U0734,user_8219,Reddit
U0735,user_9642,Instagram
U0736,user_9118,Reddit
U0737,user_4945,X
U0738,user_1203,Instagram
U0739,user_7890,Instagram
U0740,user_9491,Instagram
U0741,user_1619,Instagram
U0742,user_2081,Instagram
U0743,user_2034,X
U0744,user_2592,Reddit
U0745,user_4901,Instagram
U0746,user_3269,Reddit
U0747,user_6283,Instagram
U0748,user_5572,X
U0749,user_5565,Reddit
U0750,user_9593,Reddit
U0751,user_9937,X
U0752,user_9315,Instagram
U0753,user_1367,Reddit
U0754,user_9443,X
U0755,user_2489,X
U0756,user_3415,Reddit
U0757,user_5982,X
U0758,user_7947,Reddit
U0759,user_9550,Instagram
U0760,user_5147,X
U0761,user_3518,Reddit
U0762,user_4467,X
U0763,user_3636,Instagram
U0764,user_3079,Reddit
U0765,user_7377,Instagram
U0766,user_9705,X
U0767,user_6364,X
U0768,user_7013,Reddit
U0769,user_6080,Instagram
U0770,user_4608,X
U0771,user_1206,Instagram
U0772,user_7982,Instagram
U0773,user_3111,X
U0774,user_6090,Instagram
U0775,user_6909,Reddit
U0776,user_5813,Reddit
U0777,user_1819,Reddit
U0778,user_2484,Reddit
U0779,user_1830,Reddit
U0780,user_6588,Instagram
U0781,user_8515,X
U0782,user_7516,Instagram
U0783,user_8040,Instagram
U0784,user_1054,Instagram
U0785,user_3844,X
U0786,user_4258,Instagram
U0787,user_4927,X
U0788,user_6984,X
U0789,user_1887,Reddit
U0790,user_1935,X
U0791,user_8558,X
U0792,user_4266,X
U0793,user_8498,Reddit
U0794,user_7033,X
U0795,user_8538,Instagram
U0796,user_6777,Instagram
U0797,user_5542,Reddit
U0798,user_9227,Reddit
U0799,user_9913,Instagram
U0800,user_7676,Instagram
U0801,user_6663,X
U0802,user_1309,Reddit
U0803,user_8826,Instagram
U0804,user_2395,X
U0805,user_1291,Instagram
U0806,user_5003,X
U0807,user_1694,Instagram
U0808,user_1837,X
U0809,user_5169,X
U0810,user_4526,Instagram
U0811,user_2147,Instagram
U0812,user_9795,Instagram
U0813,user_2860,Instagram
U0814,user_7341,X
U0815,user_4200,Reddit
U0816,user_3339,X
U0817,user_6761,X
U0818,user_1885,X
U0819,user_1034,X
U0820,user_1934,X
U0821,user_6060,Reddit
U0822,user_3690,X
U0823,user_7219,Reddit
U0824,user_9643,Instagram
U0825,user_1354,Reddit
U0826,user_6585,Reddit
U0827,user_9193,X
U0828,user_4766,X
U0829,user_1632,Instagram
U0830,user_1969,Reddit
U0831,user_9736,X
U0832,user_3251,Reddit
U0833,user_2542,Instagram
U0834,user_9053,Reddit
U0835,user_3433,Reddit
U0836,user_8574,Reddit
U0837,user_7823,Reddit
U0838,user_5993,X
U0839,user_8631,X
U0840,user_3039,Instagram
U0841,user_8170,Reddit
U0842,user_6979,Reddit
U0843,user_6138,Reddit
U0844,user_4343,X
U0845,user_6233,X
U0846,user_8225,Instagram
U0847,user_1870,Reddit
U0848,user_2444,X
U0849,user_8920,X
U0850,user_8774,Instagram
U0851,user_6358,X
U0852,user_5124,X
U0853,user_1039,Instagram
U0854,user_6031,X
U0855,user_1718,X
U0856,user_8513,X
U0857,user_9148,X
U0858,user_6730,X
U0859,user_2246,X
U0860,user_2443,X
U0861,user_4003,X
U0862,user_7862,X
U0863,user_7880,Reddit
U0864,user_7739,Instagram
U0865,user_3026,X
U0866,user_3809,X
U0867,user_3818,Instagram
U0868,user_7558,Instagram
U0869,user_7940,Reddit
U0870,user_1267,X
U0871,user_4494,X
U0872,user_4236,X
U0873,user_5206,Reddit
U0874,user_9814,X
U0875,user_5970,Reddit
U0876,user_8427,X
U0877,user_9839,Instagram
U0878,user_6952,Instagram
U0879,user_9523,X
U0880,user_6331,Reddit
U0881,user_4323,X
U0882,user_8297,X
U0883,user_8937,Reddit
U0884,user_3738,X
U0885,user_9663,Reddit
U0886,user_4995,Reddit
U0887,user_3071,X
U0888,user_7179,X
U0889,user_3188,X
U0890,user_4634,Instagram
U0891,user_5801,Reddit
U0892,user_5311,X
U0893,user_2047,X
U0894,user_1719,X
U0895,user_6489,Reddit
U0896,user_9927,Instagram
U0897,user_8704,X
U0898,user_1768,Reddit
U0899,user_9911,Instagram
U0900,user_9095,X
U0901,user_5994,Reddit
U0902,user_1773,Reddit
U0903,user_2708,X
U0904,user_7706,X
U0905,user_7816,Reddit
U0906,user_4654,Reddit
U0907,user_5237,Instagram
U0908,user_9822,Instagram
U0909,user_5108,Instagram
U0910,user_2836,Instagram
U0911,user_1222,Instagram
U0912,user_2622,Reddit
U0913,user_5684,Instagram
U0914,user_9816,Instagram
U0915,user_5791,Reddit
U0916,user_9847,Reddit
U0917,user_7698,Reddit
U0918,user_1727,Instagram
U0919,user_4223,Reddit
U0920,user_1172,Instagram
U0921,user_4144,X
U0922,user_6422,Instagram
U0923,user_5708,Instagram
U0924,user_5902,Instagram
U0925,user_5906,Reddit
U0926,user_8622,Reddit
U0927,user_3875,X
U0928,user_3431,Instagram
U0929,user_6122,Reddit
U0930,user_3413,Instagram
U0931,user_9779,Reddit
U0932,user_7206,X
U0933,user_3822,X
U0934,user_3343,Instagram
U0935,user_4924,Reddit
U0936,user_8738,X
U0937,user_9947,Reddit
U0938,user_5789,X
U0939,user_2299,Instagram
U0940,user_1384,X
U0941,user_6161,X
U0942,user_6605,X
U0943,user_4332,Reddit
U0944,user_9002,Reddit
U0945,user_1415,Instagram
U0946,user_3763,Reddit
U0947,user_7846,X
U0948,user_3191,X
U0949,user_7571,Instagram
U0950,user_9027,X
U0951,user_2660,Instagram
U0952,user_4760,X
U0953,user_9773,X
U0954,user_2301,X
U0955,user_3213,Instagram
U0956,user_5316,Reddit
U0957,user_8495,X
U0958,user_4915,Reddit
U0959,user_4364,Reddit
U0960,user_8644,Instagram
U0961,user_3306,Instagram
U0962,user_4294,Reddit
U0963,user_3240,Instagram
U0964,user_1991,Instagram
U0965,user_6248,Reddit
U0966,user_9717,Reddit
U0967,user_3311,X
U0968,user_9417,Instagram
U0969,user_1956,X
U0970,user_1444,Instagram
U0971,user_7629,Instagram
U0972,user_2402,X
U0973,user_9962,Reddit
U0974,user_4860,Instagram
U0975,user_7029,Instagram
U0976,user_2874,X
U0977,user_2905,X
U0978,user_8006,Reddit
U0979,user_5588,X
U0980,user_9247,X
U0981,user_9291,X
U0982,user_6401,X
U0983,user_8685,Reddit
U0984,user_6237,Reddit
U0985,user_8204,Instagram
U0986,user_1238,Reddit
U0987,user_2427,X
U0988,user_5269,X
U0989,user_1703,X
U0990,user_5155,X
U0991,user_6660,X
U0992,user_4310,X
U0993,user_9841,X
U0994,user_8852,Reddit
U0995,user_8486,Reddit
U0996,user_7409,Instagram
U0997,user_6546,Instagram
U0998,user_6953,Reddit
U0999,user_1998,X
U1000,user_9438,Reddit
U1001,user_8016,X
U1002,user_3606,Reddit
U1003,user_7146,X
U1004,user_4720,Reddit
U1005,user_9403,X
U1006,user_5817,Reddit
U1007,user_7383,Instagram
U1008,user_2700,Instagram
U1009,user_1931,Reddit
U1010,user_9102,Reddit
U1011,user_6482,X
U1012,user_6977,Reddit
U1013,user_4633,Reddit
U1014,user_6677,X
U1015,user_6727,Instagram
U1016,user_6695,Reddit
U1017,user_2988,Reddit
U1018,user_9096,Reddit
U1019,user_9505,Reddit
U1020,user_7837,Reddit
U1021,user_1182,X
U1022,user_1200,Reddit
U1023,user_8237,Reddit
U1024,user_2322,X
U1025,user_9796,Instagram
U1026,user_4268,X
U1027,user_2584,Reddit
U1028,user_7161,Reddit
U1029,user_7170,Reddit
U1030,user_6707,Reddit
U1031,user_7913,Instagram
U1032,user_5532,Reddit
U1033,user_3834,Reddit
U1034,user_4870,Reddit
U1035,user_6669,X
U1036,user_8105,X
U1037,user_4887,Reddit
U1038,user_1861,X
U1039,user_4614,X
U1040,user_7960,Reddit
U1041,user_8275,X
U1042,user_8106,Instagram
U1043,user_3451,Reddit
U1044,user_1208,Reddit
U1045,user_2078,Reddit
U1046,user_7060,X
U1047,user_3436,Reddit
U1048,user_2580,X
U1049,user_5851,Instagram
U1050,user_5393,X
U1051,user_7331,Reddit
U1052,user_9304,X
U1053,user_1755,Reddit
U1054,user_1546,Reddit
U1055,user_9181,X
U1056,user_4018,X
U1057,user_2713,X
U1058,user_5340,Reddit
U1059,user_1107,X
U1060,user_1313,X
U1061,user_7388,Reddit
U1062,user_9978,Instagram
U1063,user_5002,Reddit
U1064,user_3718,Reddit
U1065,user_3757,Instagram
U1066,user_9321,X
U1067,user_2693,Instagram
U1068,user_7568,Instagram
U1069,user_8915,Instagram
U1070,user_9687,X
U1071,user_1761,X
U1072,user_7045,Reddit
U1073,user_8296,Reddit
U1074,user_7137,Reddit
U1075,user_8568,Instagram
U1076,user_9492,Reddit
U1077,user_7546,Reddit
U1078,user_2746,X
U1079,user_8626,X
U1080,user_3560,Instagram
U1081,user_2519,Reddit
U1082,user_8502,X
U1083,user_6759,Reddit
U1084,user_6795,Instagram
U1085,user_3273,Instagram
U1086,user_2363,Reddit
U1087,user_4868,Instagram
U1088,user_4149,Reddit
U1089,user_8699,Reddit
U1090,user_9859,Instagram
U1091,user_6679,X
U1092,user_8175,X
U1093,user_9493,X
U1094,user_7611,Reddit
U1095,user_4192,Reddit
U1096,user_3092,Reddit
U1097,user_3828,X
U1098,user_2923,Instagram
U1099,user_7080,X
U1100,user_3324,X
U1101,user_4866,Reddit
U1102,user_9472,Reddit
U1103,user_9279,Instagram
U1104,user_1232,X
U1105,user_4141,Reddit
U1106,user_3589,Reddit
U1107,user_9475,Reddit
U1108,user_7936,X
U1109,user_1580,Reddit
U1110,user_6561,X
U1111,user_6190,X
U1112,user_5721,Reddit
U1113,user_7497,Reddit
U1114,user_4961,X
U1115,user_5197,X
U1116,user_8509,Reddit
U1117,user_1479,X
U1118,user_2377,Instagram
U1119,user_4596,X
U1120,user_1459,X
U1121,user_1622,Instagram
U1122,user_1053,X
U1123,user_5454,Instagram
U1124,user_8030,Instagram
U1125,user_8361,Reddit
U1126,user_2491,X
U1127,user_7038,Reddit
U1128,user_8858,X
U1129,user_7088,X
U1130,user_5581,X
U1131,user_6257,Reddit
U1132,user_8959,X
U1133,user_8938,X
U1134,user_2991,Reddit
U1135,user_1131,X
U1136,user_3344,Reddit
U1137,user_5198,X
U1138,user_2982,Instagram
U1139,user_4700,X
U1140,user_4905,Reddit
U1141,user_9578,X
U1142,user_4954,X
U1143,user_2685,X
U1144,user_4680,X
U1145,user_1229,X
U1146,user_1265,Reddit
U1147,user_6684,Reddit
U1148,user_3265,X
U1149,user_6624,Reddit
U1150,user_1333,Reddit
U1151,user_3873,X
U1152,user_5857,X
U1153,user_6338,X
U1154,user_6369,Reddit
U1155,user_3893,Instagram
U1156,user_4177,Instagram
U1157,user_4669,Instagram
U1158,user_4784,Reddit
U1159,user_8077,X
U1160,user_2276,X
U1161,user_6049,X
U1162,user_4070,X
U1163,user_4502,Reddit
U1164,user_7099,X
U1165,user_6808,X
U1166,user_5984,Reddit
U1167,user_4839,X
U1168,user_2460,X
U1169,user_5385,Reddit
U1170,user_4755,X
U1171,user_3222,X
U1172,user_2668,Reddit
U1173,user_9400,X
U1174,user_9861,Instagram
U1175,user_9038,X
U1176,user_4635,Reddit
U1177,user_7543,Reddit
U1178,user_3552,X
U1179,user_6183,Reddit
U1180,user_3272,X
U1181,user_6626,Reddit
U1182,user_4798,X
U1183,user_4241,X
U1184,user_1778,X
U1185,user_3366,Instagram
U1186,user_4963,Instagram
U1187,user_6327,Instagram
U1188,user_8520,Reddit
U1189,user_7659,Reddit
U1190,user_5908,Reddit
U1191,user_5455,Instagram
U1192,user_5215,Reddit
U1193,user_9059,X
U1194,user_8536,Reddit
U1195,user_4495,Reddit
U1196,user_6081,X
U1197,user_4387,X
U1198,user_6098,X
U1199,user_8649,X
U1200,user_7337,Instagram
U1201,user_2570,Reddit
U1202,user_1247,Instagram
U1203,user_4183,Instagram
U1204,user_2360,Reddit
U1205,user_7685,X
U1206,user_5263,X
U1207,user_5992,X
U1208,user_6729,X
U1209,user_6107,Instagram
U1210,user_9109,Reddit
U1211,user_4520,Instagram
U1212,user_5545,Instagram
U1213,user_7753,X
U1214,user_7652,Instagram
U1215,user_9966,X
U1216,user_2785,Instagram
U1217,user_9283,Instagram
U1218,user_5256,Reddit
U1219,user_2935,X
U1220,user_3621,Reddit
U1221,user_4167,X
U1222,user_9934,Instagram
U1223,user_1986,X
U1224,user_1712,X
U1225,user_4678,Reddit
U1226,user_5484,X
U1227,user_7871,X
U1228,user_5714,Reddit
U1229,user_2247,Reddit
U1230,user_3176,Reddit
U1231,user_7646,X
U1232,user_5471,X
U1233,user_4383,X
U1234,user_4950,Reddit
U1235,user_3189,Reddit
U1236,user_7306,Instagram
U1237,user_7855,Reddit
U1238,user_9977,Reddit
U1239,user_5065,X
U1240,user_1795,X
U1241,user_7003,X
U1242,user_7832,Instagram
U1243,user_1282,Instagram
U1244,user_2754,X
U1245,user_5598,X
U1246,user_5632,Reddit
U1247,user_2767,Reddit
U1248,user_2798,Reddit
U1249,user_9423,Instagram
U1250,user_7468,X
U1251,user_5564,Reddit
U1252,user_3980,Reddit
U1253,user_5225,X
U1254,user_9690,Instagram
U1255,user_3766,X
U1256,user_3973,Reddit
U1257,user_5040,Reddit
U1258,user_2694,Instagram
U1259,user_1996,Reddit
U1260,user_9034,X
U1261,user_4027,Instagram
U1262,user_6135,Reddit
U1263,user_5464,Instagram
U1264,user_1895,X
U1265,user_7791,Reddit
U1266,user_1921,Instagram
U1267,user_6126,X
U1268,user_4928,Instagram
U1269,user_5257,Instagram
U1270,user_4916,Instagram
U1271,user_1749,Instagram
U1272,user_2181,X
U1273,user_7544,Reddit
U1274,user_5554,Instagram
U1275,user_3745,Instagram
U1276,user_7261,Reddit
U1277,user_6665,Reddit
U1278,user_2654,Reddit
U1279,user_7104,Reddit
U1280,user_6924,Reddit
U1281,user_3545,X
U1282,user_4964,Instagram
U1283,user_6655,Instagram
U1284,user_5053,X
U1285,user_4240,Reddit
U1286,user_5057,X
U1287,user_9806,X
U1288,user_4492,Reddit
U1289,user_7233,X
U1290,user_6205,Reddit
U1291,user_9010,Reddit
U1292,user_5480,Reddit
U1293,user_3027,X
U1294,user_5427,Reddit
U1295,user_2109,Reddit
U1296,user_3625,Reddit
U1297,user_1695,X
U1298,user_2382,Instagram
U1299,user_8540,X
U1300,user_8721,Reddit
U1301,user_9147,X
U1302,user_1224,Reddit
U1303,user_9769,X
U1304,user_4083,Instagram
U1305,user_2623,Reddit
U1306,user_9516,X
U1307,user_7320,Reddit
U1308,user_1676,Reddit
U1309,user_3507,Instagram
U1310,user_9265,Reddit
U1311,user_6862,Instagram
U1312,user_9715,X
U1313,user_8510,Instagram
U1314,user_5804,Reddit
U1315,user_3543,Reddit
U1316,user_7273,Reddit
U1317,user_7988,Instagram
U1318,user_9390,Reddit
U1319,user_6478,X
U1320,user_7002,Reddit
U1321,user_4804,Reddit
U1322,user_2208,Instagram
U1323,user_2725,X
U1324,user_9980,X
U1325,user_2606,X
U1326,user_1644,Reddit
U1327,user_8186,X
U1328,user_2213,Reddit
U1329,user_5153,Reddit
U1330,user_4372,Instagram
U1331,user_4748,X
U1332,user_4586,Reddit
U1333,user_1325,X
U1334,user_3404,Instagram
U1335,user_6771,X
U1336,user_1702,X
U1337,user_3390,X
U1338,user_9093,Instagram
U1339,user_6890,X
U1340,user_5618,Reddit
U1341,user_5914,Reddit
U1342,user_9727,Instagram
U1343,user_1443,X
U1344,user_8900,X
U1345,user_3061,Reddit
U1346,user_4493,X
U1347,user_5882,Reddit
U1348,user_3295,X
U1349,user_4147,Reddit
U1350,user_9936,X
U1351,user_8346,Reddit
U1352,user_6444,X
U1353,user_3635,Instagram
U1354,user_8565,Reddit
U1355,user_7012,X
U1356,user_3015,X
U1357,user_4390,X
U1358,user_9322,Instagram
U1359,user_1929,Reddit
U1360,user_8149,X
U1361,user_5511,Reddit
U1362,user_5091,X
U1363,user_2441,Instagram
U1364,user_9538,X
U1365,user_2881,Reddit
U1366,user_6308,Instagram
U1367,user_5954,X
U1368,user_4542,X
U1369,user_2311,X
U1370,user_2438,Instagram
U1371,user_6736,Reddit
U1372,user_7550,Reddit
U1373,user_3181,Instagram
U1374,user_7965,Instagram
U1375,user_7155,Reddit
U1376,user_2861,Reddit
U1377,user_4456,Reddit
U1378,user_4346,X
U1379,user_5990,Instagram
U1380,user_1495,X
U1381,user_6014,Instagram
U1382,user_7172,X
U1383,user_6399,X
U1384,user_4599,X
U1385,user_8633,Reddit
U1386,user_3913,Instagram
U1387,user_1235,X
U1388,user_6047,X
U1389,user_2076,Reddit
U1390,user_8388,Instagram
U1391,user_1284,X
U1392,user_2883,Instagram
U1393,user_9499,Instagram
U1394,user_5615,Instagram
U1395,user_3701,Reddit
U1396,user_1171,Instagram
U1397,user_8220,Instagram
U1398,user_1868,Instagram
U1399,user_9799,Instagram
U1400,user_7480,Reddit
U1401,user_5322,Instagram
U1402,user_5654,X
U1403,user_7609,X
U1404,user_4335,Reddit
U1405,user_3386,Instagram
U1406,user_2190,X
U1407,user_4955,Reddit
U1408,user_6614,X
U1409,user_2910,X
U1410,user_3006,Instagram
U1411,user_3587,X
U1412,user_2472,Instagram
U1413,user_2274,X
U1414,user_8466,X
U1415,user_6240,X
U1416,user_5001,Reddit
U1417,user_6105,Reddit
U1418,user_1301,Reddit
U1419,user_2527,Reddit
U1420,user_5647,Reddit
U1421,user_8315,Reddit
U1422,user_7798,Reddit
U1423,user_9001,Instagram
U1424,user_2637,X
U1425,user_5986,X
U1426,user_8970,X
U1427,user_3777,Reddit
U1428,user_4545,X
U1429,user_5045,Instagram
U1430,user_5172,Reddit
U1431,user_3990,Reddit
U1432,user_5780,Instagram
U1433,user_3430,X
U1434,user_8135,Instagram
U1435,user_7143,X
U1436,user_2475,Reddit
U1437,user_8656,Instagram
U1438,user_3384,Instagram
U1439,user_5760,Instagram
U1440,user_9426,X
U1441,user_7135,Instagram
U1442,user_9439,Reddit
U1443,user_6424,Reddit
U1444,user_8279,X
U1445,user_2595,X
U1446,user_2295,Instagram
U1447,user_5013,Instagram
U1448,user_5168,X
U1449,user_1726,Instagram
U1450,user_8620,X
U1451,user_1679,Reddit
U1452,user_3832,Instagram
U1453,user_8710,X
U1454,user_1338,X
U1455,user_1814,X
U1456,user_8592,Reddit
U1457,user_3442,Instagram
U1458,user_9196,X
U1459,user_2356,X
U1460,user_2474,Reddit
U1461,user_6175,X
U1462,user_9579,Reddit
U1463,user_7839,Instagram
U1464,user_6484,Instagram
U1465,user_8037,Instagram
U1466,user_2058,X
U1467,user_2574,X
U1468,user_4210,X
U1469,user_8799,Instagram
U1470,user_3185,Reddit
U1471,user_6868,Instagram
U1472,user_5088,X
U1473,user_3148,Reddit
U1474,user_9828,Reddit
U1475,user_7630,Reddit
U1476,user_5130,Reddit
U1477,user_2851,Instagram
U1478,user_6814,Reddit
U1479,user_9696,X
U1480,user_3394,Reddit
U1481,user_7131,Reddit
U1482,user_8726,X
U1483,user_5087,Reddit
U1484,user_9245,X
U1485,user_1958,Reddit
U1486,user_7864,X
U1487,user_5306,Reddit
U1488,user_7562,X
U1489,user_7347,Reddit
U1490,user_2808,X
U1491,user_1878,Instagram
U1492,user_2151,X
U1493,user_2801,Reddit
U1494,user_8789,X
U1495,user_1786,X
U1496,user_7120,Reddit
U1497,user_4448,Instagram
U1498,user_8354,Instagram
U1499,user_6388,X
U1500,user_8441,Reddit
U1501,user_9127,Reddit
U1502,user_8212,X
U1503,user_4379,Instagram
U1504,user_9274,Reddit
U1505,user_4151,Reddit
U1506,user_6268,X
U1507,user_3131,Reddit
U1508,user_1948,Instagram
U1509,user_9654,X
U1510,user_5345,Instagram
U1511,user_5483,Reddit
U1512,user_2260,X
U1513,user_2030,X
U1514,user_8951,Reddit
U1515,user_6431,Reddit
U1516,user_4269,X
U1517,user_6146,Instagram
U1518,user_5105,X
U1519,user_1666,X
U1520,user_5589,X
U1521,user_2566,Reddit
U1522,user_3794,X
U1523,user_7164,Instagram
U1524,user_1713,Reddit
U1525,user_3301,X
U1526,user_4972,Reddit
U1527,user_8244,X
U1528,user_4685,X
U1529,user_6275,Reddit
U1530,user_1213,X
U1531,user_5430,Reddit
U1532,user_6837,X
U1533,user_8064,X
U1534,user_2178,X
U1535,user_1545,X
U1536,user_3604,Instagram
U1537,user_8316,Instagram
U1538,user_8621,X
U1539,user_7526,Reddit
U1540,user_7018,Instagram
U1541,user_3811,X
U1542,user_7125,X
U1543,user_6845,X
U1544,user_1741,X
U1545,user_9254,X
U1546,user_2976,Instagram
U1547,user_7116,Reddit
U1548,user_8306,Reddit
U1549,user_5230,Reddit
U1550,user_1857,X
U1551,user_9409,Instagram
U1552,user_3987,Reddit
U1553,user_9633,Reddit
U1554,user_7483,Reddit
U1555,user_7596,X
U1556,user_4244,X
U1557,user_5639,Reddit
U1558,user_2999,X
U1559,user_8734,Reddit
U1560,user_6835,Reddit
U1561,user_2387,Instagram
U1562,user_6466,X
U1563,user_3653,X
U1564,user_4333,X
U1565,user_5748,Instagram
U1566,user_7705,X
U1567,user_6163,Reddit
U1568,user_8968,X
U1569,user_3558,Reddit
U1570,user_4341,Reddit
U1571,user_5249,Reddit
U1572,user_6544,X
U1573,user_8648,Instagram
U1574,user_6352,Instagram
U1575,user_9628,Reddit
U1576,user_5252,Reddit
U1577,user_5764,Instagram
U1578,user_7247,X
U1579,user_2320,Instagram
U1580,user_2357,X
U1581,user_4002,Instagram
U1582,user_1673,X
U1583,user_4733,X
U1584,user_4131,Reddit
U1585,user_9722,Instagram
U1586,user_6091,Instagram
U1587,user_9577,X
U1588,user_6438,X
U1589,user_6697,X
U1590,user_6207,Reddit
U1591,user_9718,Instagram
U1592,user_6698,Instagram
U1593,user_4017,X
U1594,user_3595,Reddit
U1595,user_7597,X
U1596,user_1049,X
U1597,user_7563,Reddit
U1598,user_2470,Instagram
U1599,user_9748,X
U1600,user_8467,Reddit
U1601,user_7700,Reddit
U1602,user_9355,Instagram
U1603,user_7210,X
U1604,user_1955,X
U1605,user_8599,X
U1606,user_3126,Reddit
U1607,user_6461,X
U1608,user_1335,X
U1609,user_8110,Reddit
U1610,user_2126,Instagram
U1611,user_9477,Reddit
U1612,user_2688,Reddit
U1613,user_6003,Reddit
U1614,user_1871,Reddit
U1615,user_2398,Instagram
U1616,user_6934,X
U1617,user_1736,Reddit
U1618,user_8488,Reddit
U1619,user_3452,Reddit
U1620,user_8537,X
U1621,user_3909,Instagram
U1622,user_8182,X
U1623,user_9627,X
U1624,user_9210,Reddit
U1625,user_2344,X
U1626,user_3821,X
U1627,user_1681,Instagram
U1628,user_9046,X
U1629,user_8065,Reddit
U1630,user_8928,X
U1631,user_4041,Reddit
U1632,user_7440,X
U1633,user_9386,Reddit
U1634,user_5811,Instagram
U1635,user_7945,X
U1636,user_6557,Reddit
U1637,user_9575,X
U1638,user_5491,X
U1639,user_8783,Instagram
U1640,user_1603,X
U1641,user_1672,Reddit
U1642,user_5488,X
U1643,user_3968,Reddit
U1644,user_9060,Reddit
U1645,user_1204,X
U1646,user_2000,Instagram
U1647,user_6659,X
U1648,user_1649,X
U1649,user_2759,Instagram
U1650,user_8730,X
U1651,user_8342,Instagram
U1652,user_7995,X
U1653,user_4097,Reddit
U1654,user_2504,X
U1655,user_3863,Reddit
U1656,user_2629,Instagram
U1657,user_3144,Instagram
U1658,user_8492,Instagram
U1659,user_3201,Reddit
U1660,user_2882,Instagram
U1661,user_3299,Reddit
U1662,user_8778,Reddit
U1663,user_2807,X
U1664,user_9993,X
U1665,user_6633,Instagram
U1666,user_8282,Reddit
U1667,user_4873,X
U1668,user_6590,X
U1669,user_3469,X
U1670,user_9880,Instagram
U1671,user_2409,Instagram
U1672,user_5910,Reddit
U1673,user_3418,Reddit
U1674,user_6737,X
U1675,user_5104,Instagram
U1676,user_4674,X
U1677,user_4500,X
U1678,user_5506,Instagram
U1679,user_2856,Instagram
U1680,user_1631,Reddit
U1681,user_6507,X
U1682,user_6649,X
U1683,user_2889,X
U1684,user_8308,Reddit
U1685,user_4742,Reddit
U1686,user_8381,X
U1687,user_1102,Instagram
U1688,user_1422,Reddit
U1689,user_8543,X
U1690,user_4359,Reddit
U1691,user_6462,X
U1692,user_7860,X
U1693,user_8934,X
U1694,user_6120,X
U1695,user_7974,Reddit
U1696,user_6418,X
U1697,user_3976,X
U1698,user_7651,X
U1699,user_9054,X
U1700,user_1912,Reddit
U1701,user_2153,X
U1702,user_3029,X
U1703,user_9119,Reddit
U1704,user_9272,X
U1705,user_5595,Instagram
U1706,user_4580,X
U1707,user_7538,X
U1708,user_4313,Instagram
U1709,user_2117,Instagram
U1710,user_7818,X
U1711,user_5692,X
U1712,user_8117,Reddit
U1713,user_2411,Instagram
U1714,user_4281,X
U1715,user_3153,Reddit
U1716,user_5579,X
U1717,user_5510,Reddit
U1718,user_2193,Instagram
U1719,user_5208,Reddit
U1720,user_5674,Reddit
U1721,user_7845,Reddit
U1722,user_5100,Instagram
U1723,user_3497,X
U1724,user_9130,Instagram
U1725,user_9648,X
U1726,user_3077,X
U1727,user_6533,X
U1728,user_7786,X
U1729,user_9036,Reddit
U1730,user_2749,X
U1731,user_3271,X
U1732,user_9559,X
U1733,user_2383,Instagram
U1734,user_2737,Instagram
U1735,user_9997,X
U1736,user_9089,Instagram
U1737,user_3060,Reddit
U1738,user_5972,Instagram
U1739,user_7391,X
U1740,user_5015,X
U1741,user_7304,Instagram
U1742,user_1739,Reddit
U1743,user_2868,Reddit
U1744,user_9016,Reddit
U1745,user_8822,X
U1746,user_4672,Reddit
U1747,user_1943,Reddit
U1748,user_6221,Reddit
U1749,user_3861,Reddit
U1750,user_9803,Instagram
U1751,user_6673,Reddit
U1752,user_1159,X
U1753,user_7087,X
U1754,user_5397,X
U1755,user_3017,X
U1756,user_4661,Instagram
U1757,user_8126,X
U1758,user_3249,Instagram
U1759,user_6562,Reddit
U1760,user_4996,X
U1761,user_8926,X
U1762,user_8251,Reddit
U1763,user_2554,Reddit
U1764,user_7184,X
U1765,user_1154,Reddit
U1766,user_5533,Reddit
U1767,user_3402,X
U1768,user_4326,Reddit
U1769,user_3970,X
U1770,user_8637,Instagram
U1771,user_5677,X
U1772,user_8792,Reddit
U1773,user_9742,Reddit
U1774,user_3005,X
U1775,user_8434,Instagram
U1776,user_2954,X
U1777,user_2878,Instagram
U1778,user_4711,Reddit
U1779,user_2531,Reddit
U1780,user_9204,X
U1781,user_2596,X
U1782,user_9820,Instagram
U1783,user_8476,X
U1784,user_1483,X
U1785,user_3322,Reddit
U1786,user_1606,Reddit
U1787,user_7133,Instagram
U1788,user_1531,X
U1789,user_2600,X
U1790,user_7174,Reddit
U1791,user_1752,X
U1792,user_7799,Reddit
U1793,user_3793,Reddit
U1794,user_2457,Instagram
U1795,user_2978,Instagram
U1796,user_2354,Reddit
U1797,user_4529,Reddit
U1798,user_5466,Instagram
U1799,user_6686,Reddit
U1800,user_2689,X
U1801,user_1451,Reddit
U1802,user_8121,Reddit
U1803,user_6032,X
U1804,user_3239,Reddit
U1805,user_5788,Reddit
U1806,user_8285,X
U1807,user_7850,X
U1808,user_3073,X
U1809,user_2477,X
U1810,user_7875,Reddit
U1811,user_9258,X
U1812,user_6171,X
U1813,user_8983,Instagram
U1814,user_2734,Instagram
U1815,user_4120,Reddit
U1816,user_8772,Instagram
U1817,user_8426,X
U1818,user_4331,X
U1819,user_2706,Reddit
U1820,user_9968,X
U1821,user_3047,X
U1822,user_9531,Instagram
U1823,user_3515,X
U1824,user_7455,X
U1825,user_7584,Instagram
U1826,user_9874,Instagram
U1827,user_2332,Reddit
U1828,user_5935,X
U1829,user_3395,X
U1830,user_5473,Reddit
U1831,user_2758,Reddit
U1832,user_5671,Reddit
U1833,user_4775,Reddit
U1834,user_7900,Reddit
U1835,user_6430,Reddit
U1836,user_7425,Reddit
U1837,user_1492,Reddit
U1838,user_5049,Instagram
U1839,user_5720,Reddit
U1840,user_6714,X
U1841,user_1359,X
U1842,user_8640,Reddit
U1843,user_7873,Reddit
U1844,user_1029,X
U1845,user_3330,Reddit
U1846,user_6778,Reddit
U1847,user_7123,Reddit
U1848,user_8435,Reddit
U1849,user_3123,Instagram
U1850,user_4019,Reddit
U1851,user_8597,X
U1852,user_8978,Reddit
U1853,user_2762,X
U1854,user_1597,Instagram
U1855,user_8402,X
U1856,user_9344,X
U1857,user_2642,X
U1858,user_5669,Instagram
U1859,user_5023,Reddit
U1860,user_9789,X
U1861,user_9428,Reddit
U1862,user_8531,X
U1863,user_2880,X
U1864,user_4004,X
U1865,user_8024,Reddit
U1866,user_6477,X
U1867,user_6259,Instagram
U1868,user_1678,X
U1869,user_4650,Reddit
U1870,user_9776,Instagram
U1871,user_5132,X
U1872,user_8949,X
U1873,user_4692,Instagram
U1874,user_8627,Reddit
U1875,user_8444,Reddit
U1876,user_6597,X
U1877,user_8325,X
U1878,user_1431,Reddit
U1879,user_4360,Instagram
U1880,user_1801,X
U1881,user_7274,Instagram
U1882,user_3630,Reddit
U1883,user_5786,X
U1884,user_8582,X
U1885,user_7733,X
U1886,user_6998,Reddit
U1887,user_1450,Reddit
U1888,user_4023,X
U1889,user_4021,Reddit
U1890,user_7744,Reddit
U1891,user_6370,Reddit
U1892,user_3338,X
U1893,user_5784,X
U1894,user_8972,X
U1895,user_9817,Reddit
U1896,user_3830,Reddit
U1897,user_1391,X
U1898,user_2985,Instagram
U1899,user_5530,Instagram
U1900,user_2244,Reddit
U1901,user_2558,X
U1902,user_6241,Instagram
U1903,user_3398,X
U1904,user_3167,X
U1905,user_9121,X
U1906,user_8585,Reddit
U1907,user_7907,X
U1908,user_9623,Reddit
U1909,user_3523,Instagram
U1910,user_1037,Instagram
U1911,user_3082,Reddit
U1912,user_3354,Instagram
U1913,user_9583,Reddit
U1914,user_2814,Reddit
U1915,user_5312,Instagram
U1916,user_8956,X
U1917,user_3739,X
U1918,user_6254,Reddit
U1919,user_3904,X
U1920,user_4772,Instagram
U1921,user_4687,Reddit
U1922,user_1911,Reddit
U1923,user_7243,Instagram
U1924,user_9300,Reddit
U1925,user_8883,X
U1926,user_6826,X
U1927,user_9030,Instagram
U1928,user_2970,Reddit
U1929,user_7908,X
U1930,user_1932,X
U1931,user_1055,Reddit
U1932,user_6841,Instagram
U1933,user_8943,X
U1934,user_1992,Reddit
U1935,user_8477,X
U1936,user_7795,X
U1937,user_7542,Reddit
U1938,user_3453,Reddit
U1939,user_8902,X
U1940,user_6483,Instagram
U1941,user_2657,X
U1942,user_8941,Reddit
U1943,user_3536,Instagram
U1944,user_2413,Instagram
U1945,user_4508,Reddit
U1946,user_9086,Reddit
U1947,user_6560,X
U1948,user_1923,Reddit
U1949,user_6180,Instagram
U1950,user_1374,X
U1951,user_4050,X
U1952,user_1538,Instagram
U1953,user_3365,X
U1954,user_3352,Reddit
U1955,user_2450,X
U1956,user_5056,X
U1957,user_9124,X
U1958,user_3035,X
U1959,user_1560,X
U1960,user_4644,X
U1961,user_1945,X
U1962,user_4440,Reddit
U1963,user_7942,Reddit
U1964,user_9462,X
U1965,user_5120,X
U1966,user_2681,Instagram
U1967,user_3577,Reddit
U1968,user_7580,Instagram
U1969,user_3662,Instagram
U1970,user_5369,Instagram
U1971,user_4876,X
U1972,user_7856,X
U1973,user_7283,X
U1974,user_3016,Reddit
U1975,user_9608,X
U1976,user_5165,X
U1977,user_7834,Instagram
U1978,user_9286,X
U1979,user_6307,Reddit
U1980,user_2983,Reddit
U1981,user_1999,X
U1982,user_5996,Reddit
U1983,user_9021,X
U1984,user_4695,Reddit
U1985,user_5790,X
U1986,user_8255,X
U1987,user_8015,Reddit
U1988,user_7276,Instagram
U1989,user_4189,Reddit
U1990,user_4706,Reddit
U1991,user_5294,Reddit
U1992,user_8398,X
U1993,user_6471,Reddit
U1994,user_2543,X
U1995,user_3434,Reddit
U1996,user_3803,X
U1997,user_6458,X
U1998,user_7888,Reddit
U1999,user_2340,Reddit
U2000,user_6594,Reddit
U2001,user_2288,Instagram
U2002,user_7980,Reddit
U2003,user_3118,Reddit
U2004,user_2745,Reddit
U2005,user_4759,Reddit
U2006,user_4981,Reddit
U2007,user_4299,X
U2008,user_4827,Instagram
U2009,user_6263,X
U2010,user_7636,Reddit
U2011,user_8617,X
U2012,user_3958,Instagram
U2013,user_1835,Instagram
U2014,user_4877,X
U2015,user_4690,X
U2016,user_7601,X
U2017,user_7064,X
U2018,user_8874,Instagram
U2019,user_7746,X
U2020,user_6874,Instagram
U2021,user_9072,X
U2022,user_9596,X
U2023,user_3234,Reddit
U2024,user_5944,X
U2025,user_9044,Instagram
U2026,user_2141,X
U2027,user_2561,Reddit
U2028,user_7418,X
U2029,user_9081,X
U2030,user_8305,X
U2031,user_7345,Reddit
U2032,user_8378,Reddit
U2033,user_4295,X
U2034,user_6232,X
U2035,user_2900,Reddit
U2036,user_5718,X
U2037,user_1858,Reddit
U2038,user_6153,Reddit
U2039,user_4123,Reddit
U2040,user_8566,X
U2041,user_3915,X
U2042,user_4663,Reddit
U2043,user_8691,Reddit
U2044,user_7308,Instagram
U2045,user_1439,Reddit
U2046,user_9631,Instagram
U2047,user_4051,Reddit
U2048,user_7461,X
U2049,user_6502,Reddit
U2050,user_9374,X
U2051,user_4768,X
U2052,user_5856,Instagram
U2053,user_5271,Reddit
U2054,user_3812,Reddit
U2055,user_6427,Instagram
U2056,user_2099,Instagram
U2057,user_7575,Reddit
U2058,user_6313,X
U2059,user_8337,Reddit
U2060,user_5352,Instagram
U2061,user_8100,Reddit
U2062,user_7738,X
U2063,user_3099,X
U2064,user_3439,Reddit
U2065,user_4908,Instagram
U2066,user_9211,Instagram
U2067,user_8221,Instagram
U2068,user_2768,Instagram
U2069,user_8208,Reddit
U2070,user_4703,X
U2071,user_9383,Reddit
U2072,user_9900,Reddit
U2073,user_5019,Reddit
U2074,user_6390,X
U2075,user_5490,X
U2076,user_5667,Instagram
U2077,user_9482,X
U2078,user_1901,X
U2079,user_2549,Reddit
U2080,user_6803,Instagram
U2081,user_4611,Reddit
U2082,user_7113,X
U2083,user_1432,X
U2084,user_7762,X
U2085,user_1202,Instagram
U2086,user_2772,Reddit
U2087,user_7565,Reddit
U2088,user_4128,X
U2089,user_2869,Instagram
U2090,user_8945,X
U2091,user_3591,Instagram
U2092,user_7509,Reddit
U2093,user_2201,Instagram
U2094,user_2701,Reddit
U2095,user_6907,X
U2096,user_3449,Reddit
U2097,user_3170,X
U2098,user_3303,X
U2099,user_8359,X
U2100,user_8795,X
U2101,user_2855,Reddit
U2102,user_6314,X
U2103,user_8521,Instagram
U2104,user_8395,X
U2105,user_8138,Reddit
U2106,user_1461,Reddit
U2107,user_2679,X
U2108,user_4304,Reddit
U2109,user_8672,X
U2110,user_7470,Reddit
U2111,user_8657,Reddit
U2112,user_4351,Instagram
U2113,user_2223,X
U2114,user_1976,X
U2115,user_8432,X
U2116,user_4638,X
U2117,user_9649,Reddit
U2118,user_6170,Reddit
U2119,user_6913,X
U2120,user_8211,Reddit
U2121,user_3474,X
U2122,user_6650,X
U2123,user_1092,Reddit
U2124,user_5068,X
U2125,user_3705,Reddit
U2126,user_4946,Instagram
U2127,user_8830,Instagram
U2128,user_9422,Reddit
U2129,user_7117,X
U2130,user_4345,Instagram
U2131,user_6505,Reddit
U2132,user_2251,X
U2133,user_8864,X
U2134,user_4125,Reddit
U2135,user_1219,X
U2136,user_1272,X
U2137,user_1052,X
U2138,user_2536,X
U2139,user_9261,Reddit
U2140,user_5302,X
U2141,user_7329,Reddit
U2142,user_5901,X
U2143,user_2012,X
U2144,user_7628,X
U2145,user_9721,Reddit
U2146,user_5962,Reddit
U2147,user_9158,X
U2148,user_4541,X
U2149,user_3852,X
U2150,user_1988,X
U2151,user_6577,Instagram
U2152,user_4668,Reddit
U2153,user_2149,Reddit
U2154,user_4965,Reddit
U2155,user_2060,X
U2156,user_4434,Reddit
U2157,user_8440,X
U2158,user_4588,X
U2159,user_4576,Reddit
U2160,user_1539,X
U2161,user_4206,Reddit
U2162,user_1729,X
U2163,user_6762,X
U2164,user_2275,Instagram
U2165,user_6349,Instagram
U2166,user_4840,Instagram
U2167,user_7692,Reddit
U2168,user_4664,Reddit
U2169,user_6898,Reddit
U2170,user_9421,X
U2171,user_3332,Reddit
U2172,user_2073,Reddit
U2173,user_6465,X
U2174,user_2343,Instagram
U2175,user_2973,X
U2176,user_7757,X
U2177,user_1201,Instagram
U2178,user_6298,Instagram
U2179,user_3900,Instagram
U2180,user_7727,Instagram
U2181,user_7488,Instagram
U2182,user_3252,X
U2183,user_5923,Reddit
U2184,user_4698,X
U2185,user_9946,Reddit
U2186,user_8733,X
U2187,user_3921,Instagram
U2188,user_7574,X
U2189,user_7615,X
U2190,user_2986,Instagram
U2191,user_6733,X
U2192,user_7387,Reddit
U2193,user_6765,Instagram
U2194,user_9614,Reddit
U2195,user_2524,Instagram
U2196,user_8577,Instagram
U2197,user_2906,X
U2198,user_2773,X
U2199,user_1828,Reddit
U2200,user_4276,Reddit
U2201,user_5055,X
U2202,user_8493,X
U2203,user_4966,Reddit
U2204,user_2722,Instagram
U2205,user_7193,X
U2206,user_6767,X
U2207,user_5231,X
U2208,user_6790,Reddit
U2209,user_8011,X
U2210,user_3348,Reddit
U2211,user_5673,Instagram
U2212,user_5174,Reddit
U2213,user_9306,X
U2214,user_4746,X
U2215,user_1865,Reddit
U2216,user_8238,X
U2217,user_3387,X
U2218,user_3797,X
U2219,user_2502,Reddit
U2220,user_1783,Instagram
U2221,user_4465,Reddit
U2222,user_8806,X
U2223,user_4988,X
U2224,user_2063,X
U2225,user_7756,Instagram
U2226,user_4194,Reddit
U2227,user_2496,Reddit
U2228,user_1177,Instagram
U2229,user_2410,X
U2230,user_5756,X
U2231,user_4890,Instagram
U2232,user_6917,Reddit
U2233,user_1684,X
U2234,user_2023,Reddit
U2235,user_1852,Reddit
U2236,user_3408,Reddit
U2237,user_7465,X
U2238,user_5925,Instagram
U2239,user_2490,Reddit
U2240,user_2313,Instagram
U2241,user_3368,Instagram
U2242,user_5493,Reddit
U2243,user_6383,Reddit
U2244,user_9507,X
U2245,user_3360,Reddit
U2246,user_7586,X
U2247,user_2176,X
U2248,user_8172,Instagram
U2249,user_9361,Instagram
U2250,user_6475,Instagram
U2251,user_5845,Reddit
U2252,user_4340,Instagram
U2253,user_8958,Instagram
U2254,user_9658,X
U2255,user_7360,X
U2256,user_1731,Instagram
U2257,user_8911,X
U2258,user_8276,Reddit
U2259,user_4231,Reddit
U2260,user_6470,Reddit
U2261,user_7767,X
U2262,user_9840,Instagram
U2263,user_4320,X
U2264,user_8579,Reddit
U2265,user_5222,Instagram
U2266,user_8650,X
U2267,user_7352,X
U2268,user_5083,X
U2269,user_9270,Reddit
U2270,user_4537,Instagram
U2271,user_5666,X
U2272,user_3565,Reddit
U2273,user_8655,X
U2274,user_7919,Reddit
U2275,user_9031,X
U2276,user_9928,Reddit
U2277,user_7620,X
U2278,user_5245,X
U2279,user_1558,X
U2280,user_2847,Reddit
U2281,user_6938,Reddit
U2282,user_7827,X
U2283,user_6464,X
U2284,user_8753,Instagram
U2285,user_3770,X
U2286,user_3961,Instagram
U2287,user_1792,X
U2288,user_6675,X
U2289,user_2646,Reddit
U2290,user_3484,Reddit
U2291,user_1845,X
U2292,user_8639,Instagram
U2293,user_8875,X
U2294,user_3086,X
U2295,user_1688,Reddit
U2296,user_9804,Instagram
U2297,user_7495,Instagram
U2298,user_1925,Reddit
U2299,user_2678,Instagram
U2300,user_7790,Instagram
U2301,user_1046,Reddit
U2302,user_6693,X
U2303,user_8044,Reddit
U2304,user_9521,Reddit
U2305,user_5808,X
U2306,user_7752,Instagram
U2307,user_9529,X
U2308,user_3831,Instagram
U2309,user_1434,Instagram
U2310,user_3823,Instagram
U2311,user_6766,X
U2312,user_2425,Instagram
U2313,user_2963,X
U2314,user_7814,Reddit
U2315,user_1263,Reddit
U2316,user_5476,X
U2317,user_7804,Reddit
U2318,user_5228,Reddit
U2319,user_6711,Instagram
U2320,user_2013,Reddit
U2321,user_6222,X
U2322,user_4783,Reddit
U2323,user_5881,X
U2324,user_9294,X
U2325,user_8964,Reddit
U2326,user_7462,X
U2327,user_5448,X
U2328,user_1903,X
U2329,user_3428,Instagram
U2330,user_5178,Instagram
U2331,user_8514,X
U2332,user_4480,Reddit
U2333,user_4738,X
U2334,user_9560,Reddit
U2335,user_9813,X
U2336,user_6127,X
U2337,user_7231,Reddit
U2338,user_9712,X
U2339,user_9235,Reddit
U2340,user_3259,Reddit
U2341,user_9534,Instagram
U2342,user_1158,X
U2343,user_3091,X
U2344,user_9328,Instagram
U2345,user_6527,Instagram
U2346,user_1032,X
U2347,user_4315,Reddit
U2348,user_3857,Reddit
U2349,user_5035,X
U2350,user_2766,Reddit
U2351,user_5821,X
U2352,user_5710,X
U2353,user_6375,X
U2354,user_7524,Instagram
U2355,user_2232,X
U2356,user_5826,X
U2357,user_4570,Reddit
U2358,user_7566,X
U2359,user_9917,Reddit
U2360,user_1853,Instagram
U2361,user_1585,X
U2362,user_6945,X
U2363,user_7024,Instagram
U2364,user_9994,Reddit
U2365,user_5873,Reddit
U2366,user_7124,X
U2367,user_1308,X
U2368,user_4157,X
U2369,user_2651,X
U2370,user_2633,Reddit
U2371,user_2546,Reddit
U2372,user_6249,X
U2373,user_5531,Reddit
U2374,user_1266,Instagram
U2375,user_5766,X
U2376,user_5449,X
U2377,user_3948,Instagram
U2378,user_9468,X
U2379,user_4875,Instagram
U2380,user_7527,Reddit
U2381,user_5849,X
U2382,user_7535,Instagram
U2383,user_5076,Instagram
U2384,user_3335,X
U2385,user_1617,X
U2386,user_7669,Instagram
U2387,user_5920,Reddit
U2388,user_5605,Reddit
U2389,user_8975,Reddit
U2390,user_2636,X
U2391,user_1721,Instagram
U2392,user_5812,Reddit
U2393,user_8829,Reddit
U2394,user_5167,Reddit
U2395,user_4773,X
U2396,user_6337,X
U2397,user_4080,X
U2398,user_6073,X
U2399,user_9684,Reddit
U2400,user_8029,X
U2401,user_7053,Reddit
U2402,user_4216,X
U2403,user_5719,Instagram
U2404,user_5270,X
U2405,user_4581,X
U2406,user_4837,X
U2407,user_1145,Instagram
U2408,user_5372,X
U2409,user_3826,Reddit
U2410,user_8200,X
U2411,user_6671,X
U2412,user_7386,Instagram
U2413,user_1380,X
U2414,user_4460,Reddit
U2415,user_4888,X
U2416,user_2122,X
U2417,user_6457,X
U2418,user_4418,Reddit
U2419,user_1650,Instagram
U2420,user_1328,Reddit
U2421,user_3992,X
U2422,user_4312,Reddit
U2423,user_5727,Reddit
U2424,user_2750,Reddit
U2425,user_5616,X
U2426,user_6010,Reddit
U2427,user_9858,Reddit
U2428,user_4322,Reddit
U2429,user_7848,Reddit
U2430,user_1004,Reddit
U2431,user_6656,X
U2432,user_3993,Instagram
U2433,user_2972,Instagram
U2434,user_3193,Reddit
U2435,user_1156,Reddit
U2436,user_9176,Reddit
U2437,user_5782,Reddit
U2438,user_1122,X
U2439,user_3227,Reddit
U2440,user_3956,X
U2441,user_5850,Reddit
U2442,user_7489,Instagram
U2443,user_1331,Reddit
U2444,user_4184,X
U2445,user_5140,Reddit
U2446,user_3392,Reddit
U2447,user_7019,Reddit
U2448,user_3376,Reddit
U2449,user_4973,Instagram
U2450,user_1474,X
U2451,user_1342,Reddit
U2452,user_4301,Reddit
U2453,user_6035,X
U2454,user_7359,X
U2455,user_6009,X
U2456,user_7430,Reddit
U2457,user_3053,Reddit
U2458,user_7537,X
U2459,user_3179,Instagram
U2460,user_4745,X
U2461,user_1724,Reddit
U2462,user_7324,X
U2463,user_4832,Reddit
U2464,user_2050,X
U2465,user_2915,Reddit
U2466,user_5138,Instagram
U2467,user_2150,X
U2468,user_4522,X
U2469,user_9611,Instagram
U2470,user_3479,Instagram
U2471,user_9023,Reddit
U2472,user_2225,Reddit
U2473,user_5184,X
U2474,user_8093,X
U2475,user_3732,Reddit
U2476,user_2077,X
U2477,user_2528,Instagram
U2478,user_4476,Instagram
U2479,user_7929,Instagram
U2480,user_7872,Reddit
U2481,user_9881,Reddit
U2482,user_2850,X
U2483,user_9767,Reddit
U2484,user_9198,Instagram
U2485,user_2132,X
U2486,user_8602,Instagram
U2487,user_3730,X
U2488,user_9809,Reddit
U2489,user_2710,Reddit
U2490,user_6156,X
U2491,user_7327,X
U2492,user_1541,X
U2493,user_9277,Instagram
U2494,user_9288,Instagram
U2495,user_4392,Reddit
U2496,user_4932,X
U2497,user_4325,Reddit
U2498,user_6159,X
U2499,user_4841,Instagram
U2500,user_7098,Instagram
U2501,user_7779,Instagram
U2502,user_2568,X
U2503,user_4843,Reddit
U2504,user_6962,Instagram
U2505,user_8992,Instagram
U2506,user_4771,X
U2507,user_1951,Instagram
U2508,user_6549,Reddit
U2509,user_5729,Reddit
U2510,user_8630,X
U2511,user_6824,Instagram
U2512,user_2912,Instagram
U2513,user_7258,X
U2514,user_2854,Instagram
U2515,user_3355,X
U2516,user_4566,Instagram
U2517,user_3503,Instagram
U2518,user_3411,Reddit
U2519,user_7552,X
U2520,user_5930,Instagram
U2521,user_5543,X
U2522,user_7248,Instagram
U2523,user_9271,Reddit
U2524,user_7809,X
U2525,user_6158,Instagram
U2526,user_8837,Reddit
U2527,user_9518,Reddit
U2528,user_7865,X
U2529,user_3903,Reddit
U2530,user_8291,Instagram
U2531,user_6532,Reddit
U2532,user_7046,X
U2533,user_1763,X
U2534,user_5585,X
U2535,user_8744,Instagram
U2536,user_8922,Instagram
U2537,user_1090,X
U2538,user_9780,Reddit
U2539,user_4239,Reddit
U2540,user_3533,X
U2541,user_5379,X
U2542,user_1070,X
U2543,user_3977,Instagram
U2544,user_7460,Instagram
U2545,user_8728,Reddit
U2546,user_1349,Reddit
U2547,user_5943,Reddit
U2548,user_7758,Instagram
U2549,user_3438,Instagram
U2550,user_8233,X
U2551,user_5621,X
U2552,user_6046,X
U2553,user_2551,Reddit
U2554,user_7256,X
U2555,user_2293,Instagram
U2556,user_5728,Instagram
U2557,user_7349,Reddit
U2558,user_5640,Instagram
U2559,user_3736,Reddit
U2560,user_5123,Instagram
U2561,user_4816,Instagram
U2562,user_3258,Reddit
U2563,user_7959,X
U2564,user_1361,Instagram
U2565,user_2064,Reddit
U2566,user_6792,Instagram
U2567,user_4999,Reddit
U2568,user_1341,X
U2569,user_3462,Reddit
U2570,user_4214,Reddit
U2571,user_5326,X
U2572,user_1225,Reddit
U2573,user_3742,X
U2574,user_5214,Reddit
U2575,user_4717,Reddit
U2576,user_2280,X
U2577,user_5239,X
U2578,user_1733,Reddit
U2579,user_7717,Instagram
U2580,user_5744,Reddit
U2581,user_4422,X
U2582,user_1517,X
U2583,user_6980,Reddit
U2584,user_9984,Reddit
U2585,user_3600,Instagram
U2586,user_3448,Reddit
U2587,user_3891,X
U2588,user_2184,X
U2589,user_4732,Reddit
U2590,user_8661,Reddit
U2591,user_9737,Reddit
U2592,user_8769,X
U2593,user_9620,X
U2594,user_8841,X
U2595,user_2643,Reddit
U2596,user_8300,Reddit
U2597,user_9784,Instagram
U2598,user_5469,Instagram
U2599,user_4454,X
U2600,user_6335,Instagram
U2601,user_1188,Instagram
U2602,user_7499,Instagram
U2603,user_7802,X
U2604,user_4371,X
U2605,user_2314,Reddit
U2606,user_6265,X
U2607,user_9065,Reddit
U2608,user_1087,Reddit
U2609,user_5235,X
U2610,user_6025,Reddit
U2611,user_7364,X
U2612,user_1468,Reddit
U2613,user_7773,X
U2614,user_9268,X
U2615,user_3559,Reddit
U2616,user_6473,Reddit
U2617,user_6573,X
U2618,user_5529,Reddit
U2619,user_7730,X
U2620,user_8357,X
U2621,user_9504,Instagram
U2622,user_4809,Instagram
U2623,user_2186,Reddit
U2624,user_7348,X
U2625,user_8491,Instagram
U2626,user_5259,Reddit
U2627,user_2146,Instagram
U2628,user_6030,Instagram
U2629,user_8803,X
U2630,user_1398,Reddit
U2631,user_2810,Instagram
U2632,user_7357,X
U2633,user_4278,Instagram
U2634,user_4079,Reddit
U2635,user_4498,Instagram
U2636,user_4572,Reddit
U2637,user_7448,X
U2638,user_1152,X
U2639,user_4305,X
U2640,user_5796,Reddit
U2641,user_3409,X
U2642,user_6334,Reddit
U2643,user_3340,Instagram
U2644,user_5327,Instagram
U2645,user_2552,X
U2646,user_9154,Reddit
U2647,user_6290,X
U2648,user_3753,Reddit
U2649,user_1315,X
U2650,user_8019,Reddit
U2651,user_3999,X
U2652,user_6580,Instagram
U2653,user_1671,Instagram
U2654,user_6615,X
U2655,user_4052,X
U2656,user_1071,X
U2657,user_5118,Reddit
U2658,user_2822,X
U2659,user_4702,X
U2660,user_2535,Reddit
U2661,user_7168,Instagram
U2662,user_2892,X
U2663,user_9848,X
U2664,user_8905,Reddit
U2665,user_1074,X
U2666,user_9224,Reddit
U2667,user_4589,X
U2668,user_1503,Reddit
U2669,user_3142,Reddit
U2670,user_8952,X
U2671,user_6398,Reddit
U2672,user_2473,Reddit
U2673,user_8183,Reddit
U2674,user_4044,X
U2675,user_2075,Reddit
U2676,user_7903,X
U2677,user_2446,Reddit
U2678,user_3652,X
U2679,user_8155,Reddit
U2680,user_5152,Instagram
U2681,user_1562,Reddit
U2682,user_6223,Instagram
U2683,user_8033,X
U2684,user_2665,Reddit
U2685,user_5691,Instagram
U2686,user_2987,X
U2687,user_6276,X
U2688,user_6882,Reddit
U2689,user_1467,Reddit
U2690,user_7525,Instagram
U2691,user_2243,Reddit
U2692,user_6217,X
U2693,user_6744,X
U2694,user_2254,X
U2695,user_7215,Reddit
U2696,user_7047,Instagram
U2697,user_6910,Instagram
U2698,user_2729,Reddit
U2699,user_8191,X
U2700,user_2934,Reddit
U2701,user_2453,Instagram
U2702,user_3951,Instagram
U2703,user_2975,X
U2704,user_1715,Reddit
U2705,user_7100,X
U2706,user_4212,Reddit
U2707,user_3845,Instagram
U2708,user_3063,Instagram
U2709,user_1817,Instagram
U2710,user_9146,Reddit
U2711,user_7066,X
U2712,user_3858,Reddit
U2713,user_8535,Instagram
U2714,user_9508,Instagram
U2715,user_1190,X
U2716,user_7217,Instagram
U2717,user_6342,Instagram
U2718,user_1604,X
U2719,user_1623,Instagram
U2720,user_7623,X
U2721,user_7979,X
U2722,user_2641,X
U2723,user_8480,X
U2724,user_9327,Reddit
U2725,user_7556,Instagram
U2726,user_2753,Reddit
U2727,user_9929,X
U2728,user_9465,X
U2729,user_1863,X
U2730,user_8609,X
U2731,user_8575,Reddit
U2732,user_7299,Reddit
U2733,user_3817,Instagram
U2734,user_1269,X
U2735,user_8152,Reddit
U2736,user_8350,Instagram
U2737,user_3638,Instagram
U2738,user_2748,Reddit
U2739,user_6936,Reddit
U2740,user_7684,X
U2741,user_6550,X
U2742,user_4679,Reddit
U2743,user_8104,X
U2744,user_2514,X
U2745,user_1514,Instagram
U2746,user_4554,X
U2747,user_5879,Instagram
U2748,user_4844,Reddit
U2749,user_6860,X
U2750,user_3611,X
U2751,user_5942,Instagram
U2752,user_4991,Reddit
U2753,user_8216,X
U2754,user_4042,X
U2755,user_4250,Instagram
U2756,user_7822,Reddit
U2757,user_3666,X
U2758,user_7471,X
U2759,user_8572,X
U2760,user_7806,X
U2761,user_6062,Reddit
U2762,user_5465,Reddit
U2763,user_4026,X
U2764,user_3792,X
U2765,user_2816,Reddit
U2766,user_4509,Reddit
U2767,user_4923,Instagram
U2768,user_2560,Instagram
U2769,user_8113,X
U2770,user_3429,X
U2771,user_7365,Reddit
U2772,user_9570,X
U2773,user_5675,X
U2774,user_5916,X
U2775,user_7220,Instagram
U2776,user_2128,Reddit
U2777,user_1804,Instagram
U2778,user_6400,X
U2779,user_8732,X
U2780,user_4543,X
U2781,user_8254,Reddit
U2782,user_1905,X
U2783,user_5699,X
U2784,user_6705,X
U2785,user_4445,X
U2786,user_4737,X
U2787,user_7445,Reddit
U2788,user_1592,X
U2789,user_8898,X
U2790,user_8542,X
U2791,user_1516,X
U2792,user_7289,X
U2793,user_5358,X
U2794,user_3282,X
U2795,user_4369,Reddit
U2796,user_5419,Reddit
U2797,user_5134,Reddit
U2798,user_4354,X
U2799,user_8606,Instagram
U2800,user_4132,Instagram
U2801,user_6476,Reddit
U2802,user_4451,X
U2803,user_7200,X
U2804,user_3405,Reddit
U2805,user_2709,X
U2806,user_9308,Reddit
U2807,user_7768,X
U2808,user_3693,X
U2809,user_1898,Instagram
U2810,user_4952,Reddit
U2811,user_7972,Reddit
U2812,user_6515,X
U2813,user_7311,Reddit
U2814,user_5731,Instagram
U2815,user_9208,Reddit
U2816,user_8320,Reddit
U2817,user_9699,X
U2818,user_3522,Instagram
U2819,user_9618,Reddit
U2820,user_9678,X
U2821,user_8598,Reddit
U2822,user_3860,Reddit
U2823,user_8166,Instagram
U2824,user_8713,Reddit
U2825,user_2764,X
U2826,user_3329,X
U2827,user_7794,Reddit
U2828,user_5870,Instagram
U2829,user_9653,Reddit
U2830,user_4064,X
U2831,user_7479,Reddit
U2832,user_9588,Reddit
U2833,user_2476,Reddit
U2834,user_7001,Instagram
U2835,user_3531,X
U2836,user_7423,X
U2837,user_5320,Reddit
U2838,user_6871,Reddit
U2839,user_6325,Instagram
U2840,user_3927,Reddit
U2841,user_3095,Instagram
U2842,user_3716,Reddit
U2843,user_9545,Reddit
U2844,user_8264,X
U2845,user_3120,X
U2846,user_4288,Reddit
U2847,user_1705,X
U2848,user_7487,X
U2849,user_5904,Instagram
U2850,user_7407,X
U2851,user_9410,X
U2852,user_7062,Reddit
U2853,user_2545,X
U2854,user_1264,Reddit
U2855,user_2497,Reddit
U2856,user_8600,Reddit
U2857,user_1879,Reddit
U2858,user_7110,X
U2859,user_8277,Reddit
U2860,user_1886,X
U2861,user_3050,X
U2862,user_2990,Reddit
U2863,user_3045,X
U2864,user_8137,Reddit
U2865,user_5779,Instagram
U2866,user_4010,Reddit
U2867,user_3877,Instagram
U2868,user_9168,X
U2869,user_3870,X
U2870,user_3049,Reddit
U2871,user_9339,Reddit
U2872,user_8519,Instagram
U2873,user_5946,Reddit
U2874,user_5953,Reddit
U2875,user_5652,X
U2876,user_6279,X
U2877,user_7063,Instagram
U2878,user_8250,X
U2879,user_9617,Instagram
U2880,user_4849,Reddit
U2881,user_1024,X
U2882,user_4582,X
U2883,user_6501,Reddit
U2884,user_2611,X
U2885,user_1711,Instagram
U2886,user_2365,Instagram
U2887,user_7158,Reddit
U2888,user_6708,Reddit
U2889,user_6117,Instagram
U2890,user_1460,X
U2891,user_2025,X
U2892,user_6592,Reddit
U2893,user_7772,Instagram
U2894,user_4683,Instagram
U2895,user_9074,X
U2896,user_4828,X
U2897,user_9137,Reddit
U2898,user_3004,Reddit
U2899,user_1096,X
U2900,user_9238,X
U2901,user_4483,Reddit
U2902,user_8761,X
U2903,user_2621,Reddit
U2904,user_2626,X
U2905,user_2072,Instagram
U2906,user_4978,X
U2907,user_4024,Instagram
U2908,user_4376,Reddit
U2909,user_2992,Reddit
U2910,user_3660,X
U2911,user_7640,Reddit
U2912,user_3969,Instagram
U2913,user_1581,Instagram
U2914,user_1446,Instagram
U2915,user_2112,Instagram
U2916,user_5387,Reddit
U2917,user_3569,X
U2918,user_4793,Instagram
U2919,user_7307,X
U2920,user_8167,Reddit
U2921,user_1738,X
U2922,user_2777,Reddit
U2923,user_9709,X
U2924,user_4156,Reddit
U2925,user_7082,Reddit
U2926,user_5633,Reddit
U2927,user_7376,Reddit
U2928,user_1734,Reddit
U2929,user_5218,X
U2930,user_7854,X
U2931,user_2647,X
U2932,user_5472,Reddit
U2933,user_7743,X
U2934,user_5189,Reddit
U2935,user_8496,Reddit
U2936,user_3154,Reddit
U2937,user_6903,Reddit
U2938,user_8819,X
U2939,user_8901,Reddit
U2940,user_8847,X
U2941,user_6165,Instagram
U2942,user_1668,Instagram
U2943,user_5837,Instagram
U2944,user_3088,Reddit
U2945,user_5660,X
U2946,user_6567,Reddit
U2947,user_5267,Reddit
U2948,user_9755,Instagram
U2949,user_3669,Instagram
U2950,user_4431,Reddit
U2951,user_8752,X
U2952,user_8663,Reddit
U2953,user_1314,Reddit
U2954,user_2124,X
U2955,user_9459,Instagram
U2956,user_3407,X
U2957,user_2573,Reddit
U2958,user_9771,X
U2959,user_7467,Reddit
U2960,user_8092,Instagram
U2961,user_5293,X
U2962,user_6701,Instagram
U2963,user_1790,X
U2964,user_1941,X
U2965,user_8049,Instagram
U2966,user_8667,X
U2967,user_4482,Instagram
U2968,user_1362,Reddit
U2969,user_9557,X
U2970,user_4739,X
U2971,user_9645,X
U2972,user_5847,X
U2973,user_8180,Reddit
U2974,user_2756,X
U2975,user_9632,X
U2976,user_5668,Instagram
U2977,user_1909,Instagram
U2978,user_9830,Instagram
U2979,user_1530,X
U2980,user_1730,X
U2981,user_8503,X
U2982,user_3312,X
U2983,user_9530,Instagram
U2984,user_8261,X
U2985,user_8018,X
U2986,user_9524,X
U2987,user_1902,Reddit
U2988,user_8042,Instagram
U2989,user_1767,Reddit
U2990,user_5351,Reddit
U2991,user_4361,X
U2992,user_6104,Instagram
U2993,user_4028,Reddit
U2994,user_8601,X
U2995,user_9832,Reddit
U2996,user_8917,X
U2997,user_3333,X
U2998,user_8595,X
U2999,user_9825,Reddit
U3000,user_1209,X
U3001,user_9345,Instagram
U3002,user_4797,Reddit
U3003,user_2296,X
U3004,user_2352,Reddit
U3005,user_7192,X
U3006,user_8268,Instagram
U3007,user_4620,Reddit
U3008,user_6410,Reddit
U3009,user_7618,Instagram
U3010,user_8418,Instagram
U3011,user_3351,X
U3012,user_5300,Reddit
U3013,user_3945,Instagram
U3014,user_3725,X
U3015,user_5102,X
U3016,user_7234,Reddit
U3017,user_3615,X
U3018,user_4056,Reddit
U3019,user_2721,Reddit
U3020,user_3450,Reddit
U3021,user_8371,Reddit
U3022,user_3685,Reddit
U3023,user_6842,X
U3024,user_7230,Reddit
U3025,user_9955,Reddit
U3026,user_9285,Instagram
U3027,user_4514,Reddit
U3028,user_6916,Instagram
U3029,user_5396,Reddit
U3030,user_9688,Reddit
U3031,user_7434,Instagram
U3032,user_5196,Reddit
U3033,user_3850,X
U3034,user_8464,Instagram
U3035,user_9726,Reddit
U3036,user_8107,X
U3037,user_2318,Instagram
U3038,user_3064,Instagram
U3039,user_1033,X
U3040,user_7175,Reddit
U3041,user_7042,Instagram
U3042,user_2234,Reddit
U3043,user_3938,Instagram
U3044,user_5043,X
U3045,user_3397,Instagram
U3046,user_4795,X
U3047,user_5179,Reddit
U3048,user_7208,Reddit
U3049,user_3564,Instagram
U3050,user_3139,X
U3051,user_8437,Reddit
U3052,user_8232,Instagram
U3053,user_8079,Reddit
U3054,user_7690,Instagram
U3055,user_8266,X
U3056,user_8217,Instagram
U3057,user_8594,X
U3058,user_2628,Reddit
U3059,user_7459,Reddit
U3060,user_5279,X
U3061,user_2135,Instagram
U3062,user_3744,X
U3063,user_3364,X
U3064,user_1449,X
U3065,user_7485,Instagram
U3066,user_8468,X
U3067,user_5114,X
U3068,user_6554,X
U3069,user_9785,X
U3070,user_7830,Reddit
U3071,user_1402,X
U3072,user_6500,X
U3073,user_6846,X
U3074,user_4045,Reddit
U3075,user_5644,Reddit
U3076,user_3226,Instagram
U3077,user_2984,Instagram
U3078,user_6373,Instagram
U3079,user_8618,Reddit
U3080,user_4139,Reddit
U3081,user_9212,Instagram
U3082,user_1365,Instagram
U3083,user_3012,X
U3084,user_3109,X
U3085,user_7323,Instagram
U3086,user_9998,X
U3087,user_1803,Instagram
U3088,user_6940,X
U3089,user_3998,Reddit
U3090,user_9070,X
U3091,user_9098,X
U3092,user_1940,Instagram
U3093,user_1423,Reddit
U3094,user_4724,Reddit
U3095,user_4022,Reddit
U3096,user_2302,Reddit
U3097,user_6676,Reddit
U3098,user_3254,Instagram
U3099,user_9794,Instagram
U3100,user_2919,Instagram
U3101,user_8252,Reddit
U3102,user_9694,Reddit
U3103,user_6864,Reddit
U3104,user_8507,X
U3105,user_3695,X
U3106,user_5740,Instagram
U3107,user_6879,Reddit
U3108,user_8274,X
U3109,user_5569,Reddit
U3110,user_8343,Instagram
U3111,user_9584,X
U3112,user_6548,X
U3113,user_6566,X
U3114,user_1926,X
U3115,user_1832,X
U3116,user_1149,Instagram
U3117,user_7533,X
U3118,user_5712,Reddit
U3119,user_8313,Reddit
U3120,user_6379,X
U3121,user_7774,Instagram
U3122,user_8376,Reddit
U3123,user_8516,X
U3124,user_1456,Reddit
U3125,user_9912,X
U3126,user_6699,Instagram
U3127,user_6023,Reddit
U3128,user_6832,Reddit
U3129,user_6631,Reddit
U3130,user_3613,X
U3131,user_4523,Instagram
U3132,user_2462,Reddit
U3133,user_3838,Instagram
U3134,user_3253,X
U3135,user_8777,Reddit
U3136,user_4971,Instagram
U3137,user_9179,X
U3138,user_7918,Instagram
U3139,user_4490,X
U3140,user_1584,X
U3141,user_4205,Reddit
U3142,user_3100,X
U3143,user_4432,X
U3144,user_1382,Instagram
U3145,user_4008,X
U3146,user_3242,Instagram
U3147,user_4458,Reddit
U3148,user_2090,Instagram
U3149,user_7403,Reddit
U3150,user_9372,Instagram
U3151,user_4452,X
U3152,user_1447,X
U3153,user_1954,Reddit
U3154,user_1654,X
U3155,user_7722,Instagram
U3156,user_4136,X
U3157,user_4463,Reddit
U3158,user_6964,Reddit
U3159,user_1977,Reddit
U3160,user_8855,Reddit
U3161,user_7810,Instagram
U3162,user_2304,X
U3163,user_6895,Reddit
U3164,user_9607,Reddit
U3165,user_2940,Reddit
U3166,user_9646,X
U3167,user_5703,X
U3168,user_5314,Instagram
U3169,user_6099,Reddit
U3170,user_2358,Reddit
U3171,user_9437,Instagram
U3172,user_9253,Instagram
U3173,user_5156,Reddit
U3174,user_6432,Reddit
U3175,user_7680,Reddit
U3176,user_4956,X
U3177,user_7118,Reddit
U3178,user_5988,Instagram
U3179,user_1775,Reddit
U3180,user_8194,X
U3181,user_8779,Reddit
U3182,user_6134,X
U3183,user_9267,X
U3184,user_7436,X
U3185,user_5047,Reddit
U3186,user_6321,Instagram
U3187,user_7736,Reddit
U3188,user_9972,Instagram
U3189,user_6969,Reddit
U3190,user_7442,Reddit
U3191,user_1230,X
U3192,user_3516,Reddit
U3193,user_8449,X
U3194,user_3659,X
U3195,user_6877,X
U3196,user_5725,X
U3197,user_4667,Instagram
U3198,user_3141,Reddit
U3199,user_9951,Reddit
U3200,user_1583,Instagram
U3201,user_8416,X
U3202,user_4609,Reddit
U3203,user_6513,Instagram
U3204,user_9406,Reddit
U3205,user_3346,X
U3206,user_9698,X
U3207,user_6972,X
U3208,user_6885,Reddit
U3209,user_1507,Reddit
U3210,user_1445,Reddit
U3211,user_5840,X
U3212,user_6949,X
U3213,user_6378,Reddit
U3214,user_2391,Instagram
U3215,user_9125,X
U3216,user_2033,X
U3217,user_1899,Reddit
U3218,user_8473,Reddit
U3219,user_8608,X
U3220,user_6235,Reddit
U3221,user_8154,Instagram
U3222,user_4800,Reddit
U3223,user_1465,X
U3224,user_6512,X
U3225,user_4191,Reddit
U3226,user_8144,Instagram
U3227,user_7910,Reddit
U3228,user_5877,X
U3229,user_8844,X
U3230,user_2586,Reddit
U3231,user_1691,X
U3232,user_3089,Reddit
U3233,user_1864,X
U3234,user_5624,Reddit
U3235,user_4895,X
U3236,user_5470,Reddit
U3237,user_9759,Reddit
U3238,user_2281,Instagram
U3239,user_3280,Instagram
U3240,user_7994,X
U3241,user_3534,Reddit
U3242,user_1115,Reddit
U3243,user_3308,Reddit
U3244,user_8278,Instagram
U3245,user_4033,X
U3246,user_9791,Reddit
U3247,user_1615,Reddit
U3248,user_3771,X
U3249,user_9259,Instagram
U3250,user_5607,Instagram
U3251,user_9012,X
U3252,user_5570,X
U3253,user_3435,X
U3254,user_6154,Reddit
U3255,user_5405,Reddit
U3256,user_9375,Reddit
U3257,user_8130,Reddit
U3258,user_8068,Reddit
U3259,user_5402,X
U3260,user_8022,Instagram
U3261,user_8450,Instagram
U3262,user_7639,X
U3263,user_2369,Instagram
U3264,user_1003,Reddit
U3265,user_5774,X
U3266,user_7530,X
U3267,user_1025,Reddit
U3268,user_5997,X
U3269,user_3162,Instagram
U3270,user_5376,X
U3271,user_2791,Reddit
U3272,user_3762,Reddit
U3273,user_4708,X
U3274,user_7939,X
U3275,user_3579,X
U3276,user_6735,X
U3277,user_1997,X
U3278,user_1153,Instagram
U3279,user_4096,X
U3280,user_3292,X
U3281,user_7769,Reddit
U3282,user_1506,Reddit
U3283,user_7859,X
U3284,user_6429,Reddit
U3285,user_2130,Reddit
U3286,user_1502,Reddit
U3287,user_1927,Reddit
U3288,user_8957,X
U3289,user_9135,X
U3290,user_7915,Reddit
U3291,user_4794,X
U3292,user_3554,Reddit
U3293,user_6664,X
U3294,user_1199,Instagram
U3295,user_2614,Instagram
U3296,user_5106,Instagram
U3297,user_6694,Reddit
U3298,user_7081,Reddit
U3299,user_1635,X
U3300,user_3455,X
U3301,user_3068,X
U3302,user_7621,X
U3303,user_7165,Instagram
U3304,user_9738,X
U3305,user_9307,Reddit
U3306,user_8786,Instagram
U3307,user_3789,X
U3308,user_4871,Reddit
U3309,user_5403,Reddit
U3310,user_6961,X
U3311,user_2300,Reddit
U3312,user_6789,Reddit
U3313,user_2834,Instagram
U3314,user_1086,X
U3315,user_4245,Reddit
U3316,user_3767,Reddit
U3317,user_6620,Instagram
U3318,user_4975,X
U3319,user_3370,Reddit
U3320,user_5117,X
U3321,user_3107,Reddit
U3322,user_3042,X
U3323,user_7534,X
U3324,user_8198,Instagram
U3325,user_1061,X
U3326,user_9451,Instagram
U3327,user_5967,Reddit
U3328,user_1089,Reddit
U3329,user_4143,Reddit
U3330,user_1179,Reddit
U3331,user_9630,X
U3332,user_2341,Instagram
U3333,user_8578,Reddit
U3334,user_5876,Instagram
U3335,user_3872,X
U3336,user_9470,Reddit
U3337,user_4224,Reddit
U3338,user_6510,Reddit
U3339,user_1347,Reddit
U3340,user_8456,X
U3341,user_7893,Instagram
U3342,user_2738,X
U3343,user_6101,Reddit
U3344,user_6416,Reddit
U3345,user_5388,X
U3346,user_5702,Reddit
U3347,user_6148,Instagram
U3348,user_1164,X
U3349,user_5799,Instagram
U3350,user_2347,Reddit
U3351,user_7414,X
U3352,user_8636,Instagram
U3353,user_2399,Reddit
U3354,user_6266,Instagram
U3355,user_8084,Instagram
U3356,user_3949,X
U3357,user_1337,Instagram
U3358,user_7379,Reddit
U3359,user_7747,X
U3360,user_3703,X
U3361,user_8157,X
U3362,user_3672,X
U3363,user_5255,Instagram
U3364,user_8646,Reddit
U3365,user_1259,Reddit
U3366,user_1634,Instagram
U3367,user_1180,Reddit
U3368,user_2876,Reddit
U3369,user_6609,Reddit
U3370,user_4043,Instagram
U3371,user_5254,Instagram
U3372,user_4986,X
U3373,user_5297,X
U3374,user_3930,Reddit
U3375,user_3215,X
U3376,user_6780,X
U3377,user_3986,X
U3378,user_9510,Reddit
U3379,user_1529,Instagram
U3380,user_5734,Instagram
U3381,user_8400,Reddit
U3382,user_9134,Reddit
U3383,user_4403,Reddit
U3384,user_8334,X
U3385,user_3910,X
U3386,user_7431,X
U3387,user_2588,Reddit
U3388,user_2327,X
U3389,user_3290,Instagram
U3390,user_9883,X
U3391,user_4826,X
U3392,user_8384,X
U3393,user_7163,Instagram
U3394,user_4013,X
U3395,user_8501,X
U3396,user_8413,Reddit
U3397,user_8971,X
U3398,user_9149,Instagram
U3399,user_8443,X
U3400,user_9161,X
U3401,user_7490,Instagram
U3402,user_1613,Reddit
U3403,user_9973,Reddit
U3404,user_8788,X
U3405,user_4032,X
U3406,user_1638,X
U3407,user_7681,X
U3408,user_5514,Instagram
U3409,user_3275,Reddit
U3410,user_7069,Reddit
U3411,user_6200,Reddit
U3412,user_9434,X
U3413,user_6082,X
U3414,user_1523,Reddit
U3415,user_3313,X
U3416,user_4119,Instagram
U3417,user_2696,Instagram
U3418,user_5762,Instagram
U3419,user_5596,Instagram
U3420,user_9862,X
U3421,user_2687,Reddit
U3422,user_7605,X
U3423,user_5771,Reddit
U3424,user_8470,Reddit
U3425,user_2345,Instagram
U3426,user_6481,Reddit
U3427,user_3136,X
U3428,user_3644,Reddit
U3429,user_3009,X
U3430,user_2242,X
U3431,user_3675,X
U3432,user_9248,X
U3433,user_1421,X
U3434,user_5853,X
U3435,user_7667,X
U3436,user_1553,Reddit
U3437,user_3347,Reddit
U3438,user_6757,X
U3439,user_5909,Reddit
U3440,user_1892,Reddit
U3441,user_3157,Instagram
U3442,user_8768,X
U3443,user_6443,X
U3444,user_3712,Instagram
U3445,user_2143,Instagram
U3446,user_5556,X
U3447,user_3422,Reddit
U3448,user_5126,Instagram
U3449,user_7222,Reddit
U3450,user_7282,X
U3451,user_7293,Reddit
U3452,user_1336,X
U3453,user_7035,Reddit
U3454,user_3960,X
U3455,user_6559,X
U3456,user_6788,Reddit
U3457,user_2209,Reddit
U3458,user_2039,Reddit
U3459,user_5017,Instagram
U3460,user_7592,Reddit
U3461,user_7101,Instagram
U3462,user_6111,Instagram
U3463,user_5160,Instagram
U3464,user_9503,Instagram
U3465,user_8108,Reddit
U3466,user_2319,Reddit
U3467,user_1594,Reddit
U3468,user_5443,Instagram
U3469,user_8131,Reddit
U3470,user_5820,Reddit
U3471,user_5737,Reddit
U3472,user_9159,X
U3473,user_1448,X
U3474,user_5151,Instagram
U3475,user_3912,Instagram
U3476,user_9241,X
U3477,user_3520,Reddit
U3478,user_3632,X
U3479,user_9206,X
U3480,user_3781,X
U3481,user_3328,Reddit
U3482,user_9878,Instagram
U3483,user_3928,Instagram
U3484,user_9635,X
U3485,user_7252,Instagram
U3486,user_3867,Reddit
U3487,user_6901,X
U3488,user_4275,X
U3489,user_5855,X
U3490,user_9629,X
U3491,user_9401,Reddit
U3492,user_5268,Reddit
U3493,user_5576,Instagram
U3494,user_8746,Reddit
U3495,user_2287,X
U3496,user_3816,X
U3497,user_8969,X
U3498,user_6608,X
U3499,user_2498,X
U3500,user_3083,X
U3501,user_4789,X
U3502,user_4615,X
U3503,user_3882,X
U3504,user_9700,X
U3505,user_8658,Reddit
U3506,user_3607,Reddit
U3507,user_6957,X
U3508,user_5193,Reddit
U3509,user_9671,X
U3510,user_5816,Reddit
U3511,user_6380,Reddit
U3512,user_9150,Reddit
U3513,user_4253,X
U3514,user_5435,Instagram
U3515,user_3033,Reddit
U3516,user_8731,X
U3517,user_6541,Instagram
U3518,user_4161,Reddit
U3519,user_6132,Reddit
U3520,user_9952,Instagram
U3521,user_4406,Instagram
U3522,user_4368,Reddit
U3523,user_2908,Instagram
U3524,user_3982,Reddit
U3525,user_2612,Reddit
U3526,user_1329,Reddit
U3527,user_7985,X
U3528,user_7246,X
U3529,user_2501,X
U3530,user_1651,Instagram
U3531,user_2662,Instagram
U3532,user_1072,X
U3533,user_6137,X
U3534,user_9376,X
U3535,user_5219,Instagram
U3536,user_8482,Reddit
U3537,user_8522,Reddit
U3538,user_4415,X
U3539,user_1364,Instagram
U3540,user_9988,Reddit
U3541,user_9056,Reddit
U3542,user_8062,Instagram
U3543,user_9664,Reddit
U3544,user_1522,Reddit
U3545,user_7427,Instagram
U3546,user_1990,X
U3547,user_3926,X
U3548,user_5004,X
U3549,user_5610,X
U3550,user_7675,Reddit
U3551,user_2042,X
U3552,user_2051,Instagram
U3553,user_6772,Instagram
U3554,user_4979,Reddit
U3555,user_1815,X
U3556,user_9674,Instagram
U3557,user_4624,X
U3558,user_6793,Instagram
U3559,user_5058,Reddit
U3560,user_1542,Reddit
U3561,user_4255,X
U3562,user_6946,Instagram
U3563,user_7541,X
U3564,user_4848,X
U3565,user_2188,Reddit
U3566,user_3471,X
U3567,user_1972,X
U3568,user_9367,Instagram
U3569,user_5125,Reddit
U3570,user_5795,Reddit
U3571,user_5642,X
U3572,user_6270,Instagram
U3573,user_1257,Instagram
U3574,user_9323,X
U3575,user_3898,X
U3576,user_3247,Instagram
U3577,user_1810,Reddit
U3578,user_8136,Instagram
U3579,user_6908,Reddit
U3580,user_3034,X
U3581,user_8588,X
U3582,user_6064,Instagram
U3583,user_5535,Reddit
U3584,user_4398,X
U3585,user_4765,X
U3586,user_8207,X
U3587,user_6601,Instagram
U3588,user_9985,Reddit
U3589,user_6670,X
U3590,user_1021,X
U3591,user_6068,Instagram
U3592,user_3421,X
U3593,user_8364,X
U3594,user_5033,Instagram
U3595,user_1130,Reddit
U3596,user_2804,X
U3597,user_2263,Reddit
U3598,user_1725,Instagram
U3599,user_6931,Reddit
U3600,user_5347,Reddit
U3601,user_4519,X
U3602,user_3186,Instagram
U3603,user_4435,Reddit
U3604,user_2469,X
U3605,user_9058,Reddit
U3606,user_5630,Reddit
U3607,user_8703,X
U3608,user_5280,Instagram
U3609,user_4579,Reddit
U3610,user_7463,X
U3611,user_4688,X
U3612,user_1486,Reddit
U3613,user_3470,X
U3614,user_5477,X
U3615,user_7229,Reddit
U3616,user_6782,Instagram
U3617,user_3991,Instagram
U3618,user_4449,Instagram
U3619,user_4248,Instagram
U3620,user_3268,X
U3621,user_5284,Reddit
U3622,user_6956,Reddit
U3623,user_2907,Reddit
U3624,user_7598,Reddit
U3625,user_5501,X
U3626,user_3760,X
U3627,user_9924,Reddit
U3628,user_3485,Reddit
U3629,user_9782,Reddit
U3630,user_4256,Instagram
U3631,user_1710,X
U3632,user_5844,Reddit
U3633,user_9599,Reddit
U3634,user_1073,X
U3635,user_8564,Instagram
U3636,user_3103,X
U3637,user_5459,X
U3638,user_9495,Instagram
U3639,user_8845,Instagram
U3640,user_2837,X
U3641,user_9731,X
U3642,user_5648,Reddit
U3643,user_6514,X
U3644,user_9419,Reddit
U3645,user_5227,Instagram
U3646,user_1802,Reddit
U3647,user_6130,X
U3648,user_2870,Instagram
U3649,user_5763,X
U3650,user_3524,X
U3651,user_3856,Instagram
U3652,user_9625,Instagram
U3653,user_8815,X
U3654,user_1946,Instagram
U3655,user_4102,Reddit
U3656,user_4087,X
U3657,user_6823,Reddit
U3658,user_8567,Reddit
U3659,user_3457,X
U3660,user_5223,Reddit
U3661,user_8318,Reddit
U3662,user_7016,Instagram
U3663,user_9269,Reddit
U3664,user_2283,X
U3665,user_5377,Reddit
U3666,user_9540,Reddit
U3667,user_9156,Reddit
U3668,user_9585,X
U3669,user_7715,X
U3670,user_3134,X
U3671,user_2862,Reddit
U3672,user_8133,Instagram
U3673,user_1141,Instagram
U3674,user_6301,X
U3675,user_3918,X
U3676,user_5769,X
U3677,user_6299,X
U3678,user_7932,X
U3679,user_4309,Instagram
U3680,user_1418,Reddit
U3681,user_9898,X
U3682,user_7085,Instagram
U3683,user_8642,X
U3684,user_1839,Instagram
U3685,user_6923,Reddit
U3686,user_2282,X
U3687,user_2755,Reddit
U3688,user_6937,X
U3689,user_9314,X
U3690,user_7015,Reddit
U3691,user_2565,X
U3692,user_3074,Reddit
U3693,user_8235,Instagram
U3694,user_6517,X
U3695,user_3892,X
U3696,user_9967,Instagram
U3697,user_4016,Instagram
U3698,user_7176,Instagram
U3699,user_2609,X
U3700,user_9453,X
U3701,user_2902,Reddit
U3702,user_6384,Instagram
U3703,user_5687,X
U3704,user_4053,Reddit
U3705,user_6124,X
U3706,user_4850,X
U3707,user_8230,Instagram
U3708,user_7114,Instagram
U3709,user_1577,X
U3710,user_7315,X
U3711,user_5785,X
U3712,user_5888,Instagram
U3713,user_8032,X
U3714,user_6745,Instagram
U3715,user_2686,Instagram
U3716,user_4953,Instagram
U3717,user_3715,Reddit
U3718,user_3764,Reddit
U3719,user_8670,Reddit
U3720,user_3688,Instagram
U3721,user_9432,Instagram
U3722,user_5765,X
U3723,user_2598,X
U3724,user_2921,Instagram
U3725,user_2911,Reddit
U3726,user_6244,Instagram
U3727,user_1508,X
U3728,user_5546,Reddit
U3729,user_1493,Reddit
U3730,user_7237,Instagram
U3731,user_6732,Reddit
U3732,user_4014,X
U3733,user_2800,X
U3734,user_7096,Reddit
U3735,user_1499,X
U3736,user_5349,Instagram
U3737,user_3426,Instagram
U3738,user_4197,X
U3739,user_4880,Instagram
U3740,user_5127,Reddit
U3741,user_2133,Instagram
U3742,user_5341,Reddit
U3743,user_1330,X
U3744,user_8712,Reddit
U3745,user_1800,Reddit
U3746,user_4163,X
U3747,user_2069,X
U3748,user_8889,Reddit
U3749,user_4076,Reddit
U3750,user_6928,X
U3751,user_9746,Reddit
U3752,user_6152,Instagram
U3753,user_2705,X
U3754,user_3229,X
U3755,user_7687,Instagram
U3756,user_2809,Reddit
U3757,user_6883,Instagram
U3758,user_8056,Reddit
U3759,user_9739,Instagram
U3760,user_7090,X
U3761,user_1937,X
U3762,user_4777,Reddit
U3763,user_5366,Reddit
U3764,user_3647,X
U3765,user_2877,Instagram
U3766,user_3820,Instagram
U3767,user_8739,Instagram
U3768,user_3283,Instagram
U3769,user_8160,Instagram
U3770,user_9752,X
U3771,user_9071,Reddit
U3772,user_7844,Reddit
U3773,user_9587,Instagram
U3774,user_9352,X
U3775,user_6899,Reddit
U3776,user_4993,Reddit
U3777,user_1429,Reddit
U3778,user_6749,Reddit
U3779,user_5865,X
U3780,user_4334,Reddit
U3781,user_7653,X
U3782,user_3440,Reddit
U3783,user_9263,X
U3784,user_8178,Instagram
U3785,user_2569,X
U3786,user_4292,X
U3787,user_3952,X
U3788,user_3680,Instagram
U3789,user_3320,X
U3790,user_8294,Reddit
U3791,user_2121,X
U3792,user_8196,X
U3793,user_3406,Reddit
U3794,user_1319,Reddit
U3795,user_1487,Reddit
U3796,user_9624,Instagram
U3797,user_6340,Instagram
U3798,user_7043,Instagram
U3799,user_5032,Reddit
U3800,user_5753,Reddit
U3801,user_3512,X
U3802,user_7216,X
U3803,user_2187,Instagram
U3804,user_4770,Reddit
U3805,user_2639,X
U3806,user_4799,Instagram
U3807,user_6287,X
U3808,user_3815,Reddit
U3809,user_4227,X
U3810,user_8818,Reddit
U3811,user_4619,X
U3812,user_2718,Instagram
U3813,user_7613,Reddit
U3814,user_3363,X
U3815,user_2541,X
U3816,user_7874,X
U3817,user_3145,Instagram
U3818,user_1062,Reddit
U3819,user_7686,X
U3820,user_3318,Instagram
U3821,user_4549,X
U3822,user_5548,Reddit
U3823,user_3494,Instagram
U3824,user_2702,X
U3825,user_1662,X
U3826,user_9232,X
U3827,user_5096,Instagram
U3828,user_8295,Reddit
U3829,user_4980,Reddit
U3830,user_7648,Reddit
U3831,user_1872,X
U3832,user_2488,Reddit
U3833,user_8614,Reddit
U3834,user_5609,Reddit
U3835,user_8336,X
U3836,user_6110,Instagram
U3837,user_5794,X
U3838,user_7257,X
U3839,user_5649,Instagram
U3840,user_8876,X
U3841,user_5700,Reddit
U3842,user_3649,X
U3843,user_7944,X
U3844,user_1471,Reddit
U3845,user_1534,X
U3846,user_4934,X
U3847,user_3727,X
U3848,user_3084,Instagram
U3849,user_3612,Instagram
U3850,user_2056,Reddit
U3851,user_9187,X
U3852,user_6229,Reddit
U3853,user_9655,Reddit
U3854,user_6610,X
U3855,user_9032,X
U3856,user_4506,Reddit
U3857,user_2691,Reddit
U3858,user_9601,X
U3859,user_8424,Instagram
U3860,user_9201,X
U3861,user_7590,X
U3862,user_2046,X
U3863,user_7819,Reddit
U3864,user_5261,Reddit
U3865,user_4209,Reddit
U3866,user_6273,X
U3867,user_3521,Reddit
U3868,user_4478,Reddit
U3869,user_8987,Reddit
U3870,user_3385,Reddit
U3871,user_7417,X
U3872,user_6021,Reddit
U3873,user_2239,X
U3874,user_2442,X
U3875,user_5733,X
U3876,user_3790,Reddit
U3877,user_7076,Reddit
U3878,user_1332,Instagram
U3879,user_8932,X
U3880,user_4756,X
U3881,user_4729,Reddit
U3882,user_8616,X
U3883,user_7144,X
U3884,user_8763,X
U3885,user_2969,X
U3886,user_9948,Reddit
U3887,user_7742,X
U3888,user_8569,Instagram
U3889,user_8001,X
U3890,user_1920,X
U3891,user_6278,Reddit
U3892,user_8052,Instagram
U3893,user_9829,Instagram
U3894,user_2115,X
U3895,user_9792,Instagram
U3896,user_6691,Instagram
U3897,user_4030,X
U3898,user_8881,Instagram
U3899,user_1077,Reddit
U3900,user_7877,Reddit
U3901,user_4583,X
U3902,user_7438,Instagram
U3903,user_9144,Instagram
U3904,user_2290,X
U3905,user_8552,Reddit
U3906,user_8528,X
U3907,user_4377,Reddit
U3908,user_2825,Reddit
U3909,user_6731,X
U3910,user_4066,X
U3911,user_9992,X
U3912,user_4940,X
U3913,user_3207,X
U3914,user_5007,Reddit
U3915,user_1966,Reddit
U3916,user_9849,X
U3917,user_8458,Reddit
U3918,user_9228,Reddit
U3919,user_4889,Instagram
U3920,user_8771,X
U3921,user_5563,Instagram
U3922,user_7089,X
U3923,user_1117,Instagram
U3924,user_9757,X
U3925,user_7378,Reddit
U3926,user_4736,Instagram
U3927,user_7591,Instagram
U3928,user_3396,X
U3929,user_6103,X
U3930,user_6639,Reddit
U3931,user_7044,X
U3932,user_2493,Reddit
U3933,user_9424,Instagram
U3934,user_8169,Instagram
U3935,user_2002,Instagram
U3936,user_9062,Reddit
U3937,user_1242,X
U3938,user_6106,Instagram
U3939,user_9609,Instagram
U3940,user_6005,Instagram
U3941,user_1505,Instagram
U3942,user_1591,Reddit
U3943,user_6182,Instagram
U3944,user_4344,X
U3945,user_6528,X
U3946,user_9964,X
U3947,user_7519,Reddit
U3948,user_8965,Instagram
U3949,user_1215,Reddit
U3950,user_2774,Instagram
U3951,user_8153,X
U3952,user_6252,Instagram
U3953,user_2526,Reddit
U3954,user_3663,Reddit
U3955,user_6187,Instagram
U3956,user_1758,Instagram
U3957,user_9151,Reddit
U3958,user_5806,Reddit
U3959,user_3775,X
U3960,user_1372,X
U3961,user_6958,Instagram
U3962,user_8908,Reddit
U3963,user_2960,X
U3964,user_3117,X
U3965,user_4462,X
U3966,user_4385,Instagram
U3967,user_1132,Reddit
U3968,user_5805,X
U3969,user_4731,Reddit
U3970,user_7588,Reddit
U3971,user_5657,X
U3972,user_4764,X
U3973,user_3931,X
U3974,user_4135,Reddit
U3975,user_8745,X
U3976,user_8748,Instagram
U3977,user_2405,X
U3978,user_6498,Reddit
U3979,user_7634,Instagram
U3980,user_7353,X
U3981,user_2653,Instagram
U3982,user_1751,Reddit
U3983,user_5936,Instagram
U3984,user_8335,Instagram
U3985,user_1103,Reddit
U3986,user_2704,Instagram
U3987,user_2333,Reddit
U3988,user_7452,X
U3989,user_2499,Reddit
U3990,user_9113,Instagram
U3991,user_7726,Reddit
U3992,user_3567,X
U3993,user_3425,Reddit
U3994,user_7128,X
U3995,user_5034,X
U3996,user_8243,Reddit
U3997,user_3341,Instagram
U3998,user_4564,Reddit
U3999,user_7529,X
U4000,user_9753,Reddit
U4001,user_1791,Reddit
U4002,user_3018,X
U4003,user_7661,Instagram
U4004,user_3555,Reddit
U4005,user_4561,X
U4006,user_7134,X
U4007,user_5681,X
U4008,user_5516,Instagram
U4009,user_7899,Instagram
U4010,user_4601,X
U4011,user_8159,Instagram
U4012,user_5343,X
U4013,user_5688,Reddit
U4014,user_8005,Reddit
U4015,user_8757,Reddit
U4016,user_7797,X
U4017,user_7444,X
U4018,user_5101,Instagram
U4019,user_3302,Reddit
U4020,user_4006,Reddit
U4021,user_9976,X
U4022,user_5438,Reddit
U4023,user_2966,X
U4024,user_1916,Reddit
U4025,user_9405,X
U4026,user_6094,X
U4027,user_7281,X
U4028,user_2179,Reddit
U4029,user_6343,Reddit
U4030,user_4658,Instagram
U4031,user_3315,X
U4032,user_7728,Reddit
U4033,user_8735,Reddit
U4034,user_7398,X
U4035,user_6646,Instagram
U4036,user_7973,Reddit
U4037,user_2430,Instagram
U4038,user_3223,X
U4039,user_3495,Reddit
U4040,user_5416,Reddit
U4041,user_7755,X
U4042,user_7600,X
U4043,user_5187,Reddit
U4044,user_1458,X
U4045,user_7020,Reddit
U4046,user_5838,Instagram
U4047,user_6914,X
U4048,user_1766,X
U4049,user_7788,Instagram
U4050,user_4735,Reddit
U4051,user_1759,Reddit
U4052,user_1677,Reddit
U4053,user_4515,Instagram
U4054,user_7162,X
U4055,user_2640,Reddit
U4056,user_9192,X
U4057,user_2811,Reddit
U4058,user_5282,X
U4059,user_1491,Instagram
U4060,user_4691,X
U4061,user_3321,X
U4062,user_8794,X
U4063,user_4822,X
U4064,user_1017,Reddit
U4065,user_9185,Instagram
U4066,user_9981,Reddit
U4067,user_1897,Reddit
U4068,user_2315,Reddit
U4069,user_4935,X
U4070,user_8139,Instagram
U4071,user_9133,Reddit
U4072,user_8722,Reddit
U4073,user_9343,Instagram
U4074,user_9556,Instagram
U4075,user_9940,X
U4076,user_7770,Reddit
U4077,user_6825,X
U4078,user_1274,Reddit
U4079,user_6008,X
U4080,user_7050,X
U4081,user_8762,Instagram
U4082,user_3221,Instagram
U4083,user_2941,Reddit
U4084,user_3989,X
U4085,user_5983,Instagram
U4086,user_2245,X
U4087,user_2428,X
U4088,user_7288,X
